issue_month,term,months_on_book,cohort_loans,cohort_funded,cum_principal_loss,cum_loss_pct
2014-01-01,36 months,0,11495,152885325.0,0.0,0.0
2014-01-01,36 months,1,11495,152885325.0,0.0,0.0
2014-01-01,36 months,2,11495,152885325.0,0.0,0.0
2014-01-01,36 months,3,11495,152885325.0,0.0,0.0
2014-01-01,36 months,4,11495,152885325.0,0.0,0.0
2014-01-01,36 months,5,11495,152885325.0,54825.0,0.036
2014-01-01,36 months,6,11495,152885325.0,155029.65,0.101
2014-01-01,36 months,7,11495,152885325.0,372802.05,0.244
2014-01-01,36 months,8,11495,152885325.0,625140.05,0.409
2014-01-01,36 months,9,11495,152885325.0,890139.99,0.582
2014-01-01,36 months,10,11495,152885325.0,1358618.7,0.889
2014-01-01,36 months,11,11495,152885325.0,1776917.03,1.162
2014-01-01,36 months,12,11495,152885325.0,2405682.58,1.574
2014-01-01,36 months,13,11495,152885325.0,2827412.87,1.849
2014-01-01,36 months,14,11495,152885325.0,3420908.34,2.238
2014-01-01,36 months,15,11495,152885325.0,3783291.16,2.475
2014-01-01,36 months,16,11495,152885325.0,4303503.03,2.815
2014-01-01,36 months,17,11495,152885325.0,4704241.46,3.077
2014-01-01,36 months,18,11495,152885325.0,5084651.31,3.326
2014-01-01,36 months,19,11495,152885325.0,5532043.78,3.618
2014-01-01,36 months,20,11495,152885325.0,5999377.94,3.924
2014-01-01,36 months,21,11495,152885325.0,6430087.64,4.206
2014-01-01,36 months,22,11495,152885325.0,6851477.85,4.481
2014-01-01,36 months,23,11495,152885325.0,7384877.18,4.83
2014-01-01,36 months,24,11495,152885325.0,7797134.84,5.1
2014-01-01,36 months,25,11495,152885325.0,8160685.78,5.338
2014-01-01,36 months,26,11495,152885325.0,8538689.02,5.585
2014-01-01,36 months,27,11495,152885325.0,8769360.6,5.736
2014-01-01,36 months,28,11495,152885325.0,9001908.05,5.888
2014-01-01,36 months,29,11495,152885325.0,9242566.57,6.045
2014-01-01,36 months,30,11495,152885325.0,9399195.76,6.148
2014-01-01,36 months,31,11495,152885325.0,9643241.15,6.307
2014-01-01,36 months,32,11495,152885325.0,9794455.92,6.406
2014-01-01,36 months,33,11495,152885325.0,9927284.98,6.493
2014-01-01,36 months,34,11495,152885325.0,10062155.76,6.582
2014-01-01,36 months,35,11495,152885325.0,10187786.73,6.664
2014-01-01,36 months,36,11495,152885325.0,10229661.6,6.691
2014-01-01,36 months,37,11495,152885325.0,10289526.87,6.73
2014-01-01,36 months,38,11495,152885325.0,10327010.1,6.755
2014-01-01,36 months,39,11495,152885325.0,10340577.65,6.764
2014-01-01,36 months,40,11495,152885325.0,10363279.93,6.778
2014-01-01,36 months,41,11495,152885325.0,10371496.99,6.784
2014-01-01,36 months,42,11495,152885325.0,10376750.75,6.787
2014-01-01,36 months,43,11495,152885325.0,10377838.73,6.788
2014-01-01,36 months,44,11495,152885325.0,10377838.73,6.788
2014-01-01,36 months,45,11495,152885325.0,10377838.73,6.788
2014-01-01,36 months,46,11495,152885325.0,10377838.73,6.788
2014-01-01,36 months,47,11495,152885325.0,10377838.73,6.788
2014-01-01,36 months,48,11495,152885325.0,10377838.73,6.788
2014-01-01,36 months,49,11495,152885325.0,10377838.73,6.788
2014-01-01,36 months,50,11495,152885325.0,10377838.73,6.788
2014-01-01,36 months,51,11495,152885325.0,10377838.73,6.788
2014-01-01,36 months,52,11495,152885325.0,10377838.73,6.788
2014-01-01,36 months,53,11495,152885325.0,10377838.73,6.788
2014-01-01,36 months,54,11495,152885325.0,10377838.73,6.788
2014-01-01,36 months,55,11495,152885325.0,10377838.73,6.788
2014-01-01,36 months,56,11495,152885325.0,10377838.73,6.788
2014-01-01,36 months,57,11495,152885325.0,10377838.73,6.788
2014-01-01,36 months,58,11495,152885325.0,10377838.73,6.788
2014-01-01,36 months,59,11495,152885325.0,10377838.73,6.788
2014-01-01,36 months,60,11495,152885325.0,10377838.73,6.788
2014-01-01,60 months,0,4133,79830000.0,0.0,0.0
2014-01-01,60 months,1,4133,79830000.0,0.0,0.0
2014-01-01,60 months,2,4133,79830000.0,0.0,0.0
2014-01-01,60 months,3,4133,79830000.0,0.0,0.0
2014-01-01,60 months,4,4133,79830000.0,0.0,0.0
2014-01-01,60 months,5,4133,79830000.0,38000.0,0.048
2014-01-01,60 months,6,4133,79830000.0,88597.13,0.111
2014-01-01,60 months,7,4133,79830000.0,218237.27,0.273
2014-01-01,60 months,8,4133,79830000.0,406154.42,0.509
2014-01-01,60 months,9,4133,79830000.0,646172.47,0.809
2014-01-01,60 months,10,4133,79830000.0,1117521.87,1.4
2014-01-01,60 months,11,4133,79830000.0,1673383.43,2.096
2014-01-01,60 months,12,4133,79830000.0,2130154.26,2.668
2014-01-01,60 months,13,4133,79830000.0,2580887.17,3.233
2014-01-01,60 months,14,4133,79830000.0,3099660.42,3.883
2014-01-01,60 months,15,4133,79830000.0,3477403.84,4.356
2014-01-01,60 months,16,4133,79830000.0,3870338.09,4.848
2014-01-01,60 months,17,4133,79830000.0,4368485.76,5.472
2014-01-01,60 months,18,4133,79830000.0,4677802.25,5.86
2014-01-01,60 months,19,4133,79830000.0,5204048.54,6.519
2014-01-01,60 months,20,4133,79830000.0,5669115.87,7.101
2014-01-01,60 months,21,4133,79830000.0,6071746.11,7.606
2014-01-01,60 months,22,4133,79830000.0,6547380.65,8.202
2014-01-01,60 months,23,4133,79830000.0,6825645.3,8.55
2014-01-01,60 months,24,4133,79830000.0,7292362.62,9.135
2014-01-01,60 months,25,4133,79830000.0,7824952.44,9.802
2014-01-01,60 months,26,4133,79830000.0,8289348.18,10.384
2014-01-01,60 months,27,4133,79830000.0,8605625.74,10.78
2014-01-01,60 months,28,4133,79830000.0,8996870.63,11.27
2014-01-01,60 months,29,4133,79830000.0,9344172.86,11.705
2014-01-01,60 months,30,4133,79830000.0,9530622.74,11.939
2014-01-01,60 months,31,4133,79830000.0,9955892.01,12.471
2014-01-01,60 months,32,4133,79830000.0,10215773.94,12.797
2014-01-01,60 months,33,4133,79830000.0,10508205.7,13.163
2014-01-01,60 months,34,4133,79830000.0,10838722.58,13.577
2014-01-01,60 months,35,4133,79830000.0,11246903.14,14.089
2014-01-01,60 months,36,4133,79830000.0,11593060.93,14.522
2014-01-01,60 months,37,4133,79830000.0,11867625.41,14.866
2014-01-01,60 months,38,4133,79830000.0,12104379.57,15.163
2014-01-01,60 months,39,4133,79830000.0,12349625.86,15.47
2014-01-01,60 months,40,4133,79830000.0,12469473.76,15.62
2014-01-01,60 months,41,4133,79830000.0,12617821.34,15.806
2014-01-01,60 months,42,4133,79830000.0,12803234.26,16.038
2014-01-01,60 months,43,4133,79830000.0,12941214.23,16.211
2014-01-01,60 months,44,4133,79830000.0,13042074.26,16.337
2014-01-01,60 months,45,4133,79830000.0,13122798.28,16.438
2014-01-01,60 months,46,4133,79830000.0,13275994.43,16.63
2014-01-01,60 months,47,4133,79830000.0,13315875.6,16.68
2014-01-01,60 months,48,4133,79830000.0,13416551.58,16.806
2014-01-01,60 months,49,4133,79830000.0,13505780.27,16.918
2014-01-01,60 months,50,4133,79830000.0,13551932.97,16.976
2014-01-01,60 months,51,4133,79830000.0,13611791.42,17.051
2014-01-01,60 months,52,4133,79830000.0,13682988.4,17.14
2014-01-01,60 months,53,4133,79830000.0,13715207.67,17.181
2014-01-01,60 months,54,4133,79830000.0,13775237.45,17.256
2014-01-01,60 months,55,4133,79830000.0,13831667.13,17.326
2014-01-01,60 months,56,4133,79830000.0,13873424.72,17.379
2014-01-01,60 months,57,4133,79830000.0,13893371.99,17.404
2014-01-01,60 months,58,4133,79830000.0,13925574.28,17.444
2014-01-01,60 months,59,4133,79830000.0,13934017.82,17.455
2014-01-01,60 months,60,4133,79830000.0,13946489.48,17.47
2014-02-01,36 months,0,10943,145375275.0,0.0,0.0
2014-02-01,36 months,1,10943,145375275.0,0.0,0.0
2014-02-01,36 months,2,10943,145375275.0,0.0,0.0
2014-02-01,36 months,3,10943,145375275.0,0.0,0.0
2014-02-01,36 months,4,10943,145375275.0,0.0,0.0
2014-02-01,36 months,5,10943,145375275.0,72200.0,0.05
2014-02-01,36 months,6,10943,145375275.0,118052.52,0.081
2014-02-01,36 months,7,10943,145375275.0,300729.38,0.207
2014-02-01,36 months,8,10943,145375275.0,540280.78,0.372
2014-02-01,36 months,9,10943,145375275.0,870170.47,0.599
2014-02-01,36 months,10,10943,145375275.0,1286484.26,0.885
2014-02-01,36 months,11,10943,145375275.0,1686882.54,1.16
2014-02-01,36 months,12,10943,145375275.0,2170134.14,1.493
2014-02-01,36 months,13,10943,145375275.0,2719848.66,1.871
2014-02-01,36 months,14,10943,145375275.0,3198500.36,2.2
2014-02-01,36 months,15,10943,145375275.0,3725636.46,2.563
2014-02-01,36 months,16,10943,145375275.0,4233556.83,2.912
2014-02-01,36 months,17,10943,145375275.0,4579310.87,3.15
2014-02-01,36 months,18,10943,145375275.0,5295221.49,3.642
2014-02-01,36 months,19,10943,145375275.0,5763467.13,3.965
2014-02-01,36 months,20,10943,145375275.0,6217892.18,4.277
2014-02-01,36 months,21,10943,145375275.0,6566926.13,4.517
2014-02-01,36 months,22,10943,145375275.0,7008803.89,4.821
2014-02-01,36 months,23,10943,145375275.0,7471646.56,5.14
2014-02-01,36 months,24,10943,145375275.0,7779423.38,5.351
2014-02-01,36 months,25,10943,145375275.0,8156812.8,5.611
2014-02-01,36 months,26,10943,145375275.0,8365786.52,5.755
2014-02-01,36 months,27,10943,145375275.0,8665852.39,5.961
2014-02-01,36 months,28,10943,145375275.0,8855651.31,6.092
2014-02-01,36 months,29,10943,145375275.0,9067636.41,6.237
2014-02-01,36 months,30,10943,145375275.0,9340922.17,6.425
2014-02-01,36 months,31,10943,145375275.0,9499693.01,6.535
2014-02-01,36 months,32,10943,145375275.0,9578542.18,6.589
2014-02-01,36 months,33,10943,145375275.0,9692386.19,6.667
2014-02-01,36 months,34,10943,145375275.0,9804008.18,6.744
2014-02-01,36 months,35,10943,145375275.0,9904473.95,6.813
2014-02-01,36 months,36,10943,145375275.0,9975525.58,6.862
2014-02-01,36 months,37,10943,145375275.0,10057911.98,6.919
2014-02-01,36 months,38,10943,145375275.0,10098816.89,6.947
2014-02-01,36 months,39,10943,145375275.0,10114047.4,6.957
2014-02-01,36 months,40,10943,145375275.0,10126179.59,6.966
2014-02-01,36 months,41,10943,145375275.0,10132365.72,6.97
2014-02-01,36 months,42,10943,145375275.0,10140189.11,6.975
2014-02-01,36 months,43,10943,145375275.0,10142172.31,6.977
2014-02-01,36 months,44,10943,145375275.0,10142984.4,6.977
2014-02-01,36 months,45,10943,145375275.0,10143664.55,6.978
2014-02-01,36 months,46,10943,145375275.0,10144217.76,6.978
2014-02-01,36 months,47,10943,145375275.0,10144217.76,6.978
2014-02-01,36 months,48,10943,145375275.0,10144217.76,6.978
2014-02-01,36 months,49,10943,145375275.0,10144217.76,6.978
2014-02-01,36 months,50,10943,145375275.0,10144217.76,6.978
2014-02-01,36 months,51,10943,145375275.0,10144217.76,6.978
2014-02-01,36 months,52,10943,145375275.0,10144217.76,6.978
2014-02-01,36 months,53,10943,145375275.0,10144217.76,6.978
2014-02-01,36 months,54,10943,145375275.0,10144217.76,6.978
2014-02-01,36 months,55,10943,145375275.0,10144217.76,6.978
2014-02-01,36 months,56,10943,145375275.0,10144217.76,6.978
2014-02-01,36 months,57,10943,145375275.0,10144217.76,6.978
2014-02-01,36 months,58,10943,145375275.0,10144217.76,6.978
2014-02-01,36 months,59,10943,145375275.0,10144217.76,6.978
2014-02-01,36 months,60,10943,145375275.0,10144217.76,6.978
2014-02-01,60 months,0,4326,84711650.0,0.0,0.0
2014-02-01,60 months,1,4326,84711650.0,0.0,0.0
2014-02-01,60 months,2,4326,84711650.0,0.0,0.0
2014-02-01,60 months,3,4326,84711650.0,0.0,0.0
2014-02-01,60 months,4,4326,84711650.0,0.0,0.0
2014-02-01,60 months,5,4326,84711650.0,50300.0,0.059
2014-02-01,60 months,6,4326,84711650.0,65162.29,0.077
2014-02-01,60 months,7,4326,84711650.0,229345.75,0.271
2014-02-01,60 months,8,4326,84711650.0,446319.7,0.527
2014-02-01,60 months,9,4326,84711650.0,739337.81,0.873
2014-02-01,60 months,10,4326,84711650.0,1164371.48,1.375
2014-02-01,60 months,11,4326,84711650.0,1625608.52,1.919
2014-02-01,60 months,12,4326,84711650.0,2114165.56,2.496
2014-02-01,60 months,13,4326,84711650.0,2680021.52,3.164
2014-02-01,60 months,14,4326,84711650.0,3055986.73,3.608
2014-02-01,60 months,15,4326,84711650.0,3462609.33,4.088
2014-02-01,60 months,16,4326,84711650.0,3966423.98,4.682
2014-02-01,60 months,17,4326,84711650.0,4376822.56,5.167
2014-02-01,60 months,18,4326,84711650.0,5159216.36,6.09
2014-02-01,60 months,19,4326,84711650.0,5760911.23,6.801
2014-02-01,60 months,20,4326,84711650.0,6357865.13,7.505
2014-02-01,60 months,21,4326,84711650.0,6849994.04,8.086
2014-02-01,60 months,22,4326,84711650.0,7487657.15,8.839
2014-02-01,60 months,23,4326,84711650.0,8040053.5,9.491
2014-02-01,60 months,24,4326,84711650.0,8428809.34,9.95
2014-02-01,60 months,25,4326,84711650.0,8991261.41,10.614
2014-02-01,60 months,26,4326,84711650.0,9170461.33,10.826
2014-02-01,60 months,27,4326,84711650.0,9491931.3,11.205
2014-02-01,60 months,28,4326,84711650.0,9806539.46,11.576
2014-02-01,60 months,29,4326,84711650.0,10040486.13,11.853
2014-02-01,60 months,30,4326,84711650.0,10383437.57,12.257
2014-02-01,60 months,31,4326,84711650.0,10670177.15,12.596
2014-02-01,60 months,32,4326,84711650.0,10987260.26,12.97
2014-02-01,60 months,33,4326,84711650.0,11330434.73,13.375
2014-02-01,60 months,34,4326,84711650.0,11519494.14,13.598
2014-02-01,60 months,35,4326,84711650.0,11845350.05,13.983
2014-02-01,60 months,36,4326,84711650.0,12251960.77,14.463
2014-02-01,60 months,37,4326,84711650.0,12477322.96,14.729
2014-02-01,60 months,38,4326,84711650.0,12716601.8,15.012
2014-02-01,60 months,39,4326,84711650.0,12935326.4,15.27
2014-02-01,60 months,40,4326,84711650.0,13181469.89,15.56
2014-02-01,60 months,41,4326,84711650.0,13315788.95,15.719
2014-02-01,60 months,42,4326,84711650.0,13527496.93,15.969
2014-02-01,60 months,43,4326,84711650.0,13635697.37,16.097
2014-02-01,60 months,44,4326,84711650.0,13786596.56,16.275
2014-02-01,60 months,45,4326,84711650.0,13897354.01,16.405
2014-02-01,60 months,46,4326,84711650.0,14030103.64,16.562
2014-02-01,60 months,47,4326,84711650.0,14193650.2,16.755
2014-02-01,60 months,48,4326,84711650.0,14298219.95,16.879
2014-02-01,60 months,49,4326,84711650.0,14411646.27,17.013
2014-02-01,60 months,50,4326,84711650.0,14473882.59,17.086
2014-02-01,60 months,51,4326,84711650.0,14515261.99,17.135
2014-02-01,60 months,52,4326,84711650.0,14590830.45,17.224
2014-02-01,60 months,53,4326,84711650.0,14636049.98,17.277
2014-02-01,60 months,54,4326,84711650.0,14707485.89,17.362
2014-02-01,60 months,55,4326,84711650.0,14741198.73,17.402
2014-02-01,60 months,56,4326,84711650.0,14768368.08,17.434
2014-02-01,60 months,57,4326,84711650.0,14810950.0,17.484
2014-02-01,60 months,58,4326,84711650.0,14836612.38,17.514
2014-02-01,60 months,59,4326,84711650.0,14868446.48,17.552
2014-02-01,60 months,60,4326,84711650.0,14879485.77,17.565
2014-03-01,36 months,0,11636,149087325.0,0.0,0.0
2014-03-01,36 months,1,11636,149087325.0,0.0,0.0
2014-03-01,36 months,2,11636,149087325.0,0.0,0.0
2014-03-01,36 months,3,11636,149087325.0,0.0,0.0
2014-03-01,36 months,4,11636,149087325.0,0.0,0.0
2014-03-01,36 months,5,11636,149087325.0,109025.0,0.073
2014-03-01,36 months,6,11636,149087325.0,251311.37,0.169
2014-03-01,36 months,7,11636,149087325.0,429251.31,0.288
2014-03-01,36 months,8,11636,149087325.0,679065.2,0.455
2014-03-01,36 months,9,11636,149087325.0,1083690.91,0.727
2014-03-01,36 months,10,11636,149087325.0,1457785.48,0.978
2014-03-01,36 months,11,11636,149087325.0,2083273.21,1.397
2014-03-01,36 months,12,11636,149087325.0,2575116.41,1.727
2014-03-01,36 months,13,11636,149087325.0,2887814.99,1.937
2014-03-01,36 months,14,11636,149087325.0,3466747.55,2.325
2014-03-01,36 months,15,11636,149087325.0,4006229.64,2.687
2014-03-01,36 months,16,11636,149087325.0,4554454.34,3.055
2014-03-01,36 months,17,11636,149087325.0,5078918.16,3.407
2014-03-01,36 months,18,11636,149087325.0,5723174.54,3.839
2014-03-01,36 months,19,11636,149087325.0,6181268.91,4.146
2014-03-01,36 months,20,11636,149087325.0,6630400.77,4.447
2014-03-01,36 months,21,11636,149087325.0,7102913.45,4.764
2014-03-01,36 months,22,11636,149087325.0,7502778.57,5.032
2014-03-01,36 months,23,11636,149087325.0,7948209.76,5.331
2014-03-01,36 months,24,11636,149087325.0,8362712.68,5.609
2014-03-01,36 months,25,11636,149087325.0,8687719.95,5.827
2014-03-01,36 months,26,11636,149087325.0,9088513.74,6.096
2014-03-01,36 months,27,11636,149087325.0,9401824.68,6.306
2014-03-01,36 months,28,11636,149087325.0,9621225.92,6.453
2014-03-01,36 months,29,11636,149087325.0,9973054.26,6.689
2014-03-01,36 months,30,11636,149087325.0,10178993.09,6.828
2014-03-01,36 months,31,11636,149087325.0,10331856.13,6.93
2014-03-01,36 months,32,11636,149087325.0,10469139.98,7.022
2014-03-01,36 months,33,11636,149087325.0,10630632.47,7.13
2014-03-01,36 months,34,11636,149087325.0,10752369.64,7.212
2014-03-01,36 months,35,11636,149087325.0,10817851.93,7.256
2014-03-01,36 months,36,11636,149087325.0,10870651.3,7.291
2014-03-01,36 months,37,11636,149087325.0,10911867.36,7.319
2014-03-01,36 months,38,11636,149087325.0,10947627.84,7.343
2014-03-01,36 months,39,11636,149087325.0,10967180.28,7.356
2014-03-01,36 months,40,11636,149087325.0,10984200.0,7.368
2014-03-01,36 months,41,11636,149087325.0,10988752.95,7.371
2014-03-01,36 months,42,11636,149087325.0,10992425.77,7.373
2014-03-01,36 months,43,11636,149087325.0,10995822.11,7.375
2014-03-01,36 months,44,11636,149087325.0,10995822.11,7.375
2014-03-01,36 months,45,11636,149087325.0,10995957.14,7.376
2014-03-01,36 months,46,11636,149087325.0,10995957.14,7.376
2014-03-01,36 months,47,11636,149087325.0,10995957.14,7.376
2014-03-01,36 months,48,11636,149087325.0,10995957.14,7.376
2014-03-01,36 months,49,11636,149087325.0,10995957.14,7.376
2014-03-01,36 months,50,11636,149087325.0,10995957.14,7.376
2014-03-01,36 months,51,11636,149087325.0,10995957.14,7.376
2014-03-01,36 months,52,11636,149087325.0,10995957.14,7.376
2014-03-01,36 months,53,11636,149087325.0,10995957.14,7.376
2014-03-01,36 months,54,11636,149087325.0,10995957.14,7.376
2014-03-01,36 months,55,11636,149087325.0,10995957.14,7.376
2014-03-01,36 months,56,11636,149087325.0,10995957.14,7.376
2014-03-01,36 months,57,11636,149087325.0,10995957.14,7.376
2014-03-01,36 months,58,11636,149087325.0,10995957.14,7.376
2014-03-01,36 months,59,11636,149087325.0,10995957.14,7.376
2014-03-01,36 months,60,11636,149087325.0,10995957.14,7.376
2014-03-01,60 months,0,4877,96675475.0,0.0,0.0
2014-03-01,60 months,1,4877,96675475.0,0.0,0.0
2014-03-01,60 months,2,4877,96675475.0,0.0,0.0
2014-03-01,60 months,3,4877,96675475.0,0.0,0.0
2014-03-01,60 months,4,4877,96675475.0,0.0,0.0
2014-03-01,60 months,5,4877,96675475.0,43450.0,0.045
2014-03-01,60 months,6,4877,96675475.0,204223.55,0.211
2014-03-01,60 months,7,4877,96675475.0,429114.73,0.444
2014-03-01,60 months,8,4877,96675475.0,662960.68,0.686
2014-03-01,60 months,9,4877,96675475.0,1015743.65,1.051
2014-03-01,60 months,10,4877,96675475.0,1572192.25,1.626
2014-03-01,60 months,11,4877,96675475.0,1991172.93,2.06
2014-03-01,60 months,12,4877,96675475.0,2682341.6,2.775
2014-03-01,60 months,13,4877,96675475.0,3112745.93,3.22
2014-03-01,60 months,14,4877,96675475.0,3465700.21,3.585
2014-03-01,60 months,15,4877,96675475.0,4154155.9,4.297
2014-03-01,60 months,16,4877,96675475.0,4620068.58,4.779
2014-03-01,60 months,17,4877,96675475.0,5131291.13,5.308
2014-03-01,60 months,18,4877,96675475.0,5818528.49,6.019
2014-03-01,60 months,19,4877,96675475.0,6437853.67,6.659
2014-03-01,60 months,20,4877,96675475.0,6957863.95,7.197
2014-03-01,60 months,21,4877,96675475.0,7574311.66,7.835
2014-03-01,60 months,22,4877,96675475.0,8121713.91,8.401
2014-03-01,60 months,23,4877,96675475.0,8618522.59,8.915
2014-03-01,60 months,24,4877,96675475.0,9128772.32,9.443
2014-03-01,60 months,25,4877,96675475.0,9483322.53,9.809
2014-03-01,60 months,26,4877,96675475.0,10002196.57,10.346
2014-03-01,60 months,27,4877,96675475.0,10441745.4,10.801
2014-03-01,60 months,28,4877,96675475.0,10903271.81,11.278
2014-03-01,60 months,29,4877,96675475.0,11529925.89,11.926
2014-03-01,60 months,30,4877,96675475.0,11918678.56,12.329
2014-03-01,60 months,31,4877,96675475.0,12308744.12,12.732
2014-03-01,60 months,32,4877,96675475.0,12804711.87,13.245
2014-03-01,60 months,33,4877,96675475.0,13350152.39,13.809
2014-03-01,60 months,34,4877,96675475.0,13614385.61,14.083
2014-03-01,60 months,35,4877,96675475.0,13903605.09,14.382
2014-03-01,60 months,36,4877,96675475.0,14160098.42,14.647
2014-03-01,60 months,37,4877,96675475.0,14409011.89,14.905
2014-03-01,60 months,38,4877,96675475.0,14684396.16,15.189
2014-03-01,60 months,39,4877,96675475.0,14894199.41,15.406
2014-03-01,60 months,40,4877,96675475.0,15086745.97,15.606
2014-03-01,60 months,41,4877,96675475.0,15391731.7,15.921
2014-03-01,60 months,42,4877,96675475.0,15527686.78,16.062
2014-03-01,60 months,43,4877,96675475.0,15717776.88,16.258
2014-03-01,60 months,44,4877,96675475.0,15889111.01,16.436
2014-03-01,60 months,45,4877,96675475.0,16031451.4,16.583
2014-03-01,60 months,46,4877,96675475.0,16166595.27,16.723
2014-03-01,60 months,47,4877,96675475.0,16243848.12,16.802
2014-03-01,60 months,48,4877,96675475.0,16338540.84,16.9
2014-03-01,60 months,49,4877,96675475.0,16458326.2,17.024
2014-03-01,60 months,50,4877,96675475.0,16565427.98,17.135
2014-03-01,60 months,51,4877,96675475.0,16636106.7,17.208
2014-03-01,60 months,52,4877,96675475.0,16673967.6,17.247
2014-03-01,60 months,53,4877,96675475.0,16735168.3,17.311
2014-03-01,60 months,54,4877,96675475.0,16758084.13,17.334
2014-03-01,60 months,55,4877,96675475.0,16782928.93,17.36
2014-03-01,60 months,56,4877,96675475.0,16845117.36,17.424
2014-03-01,60 months,57,4877,96675475.0,16895404.17,17.476
2014-03-01,60 months,58,4877,96675475.0,16907915.99,17.489
2014-03-01,60 months,59,4877,96675475.0,16925025.8,17.507
2014-03-01,60 months,60,4877,96675475.0,16960152.73,17.543
2014-04-01,36 months,0,13265,165179500.0,0.0,0.0
2014-04-01,36 months,1,13265,165179500.0,0.0,0.0
2014-04-01,36 months,2,13265,165179500.0,0.0,0.0
2014-04-01,36 months,3,13265,165179500.0,0.0,0.0
2014-04-01,36 months,4,13265,165179500.0,0.0,0.0
2014-04-01,36 months,5,13265,165179500.0,105225.0,0.064
2014-04-01,36 months,6,13265,165179500.0,268161.97,0.162
2014-04-01,36 months,7,13265,165179500.0,492701.43,0.298
2014-04-01,36 months,8,13265,165179500.0,914381.7,0.554
2014-04-01,36 months,9,13265,165179500.0,1517880.43,0.919
2014-04-01,36 months,10,13265,165179500.0,1982188.02,1.2
2014-04-01,36 months,11,13265,165179500.0,2541985.69,1.539
2014-04-01,36 months,12,13265,165179500.0,3104850.53,1.88
2014-04-01,36 months,13,13265,165179500.0,3427991.57,2.075
2014-04-01,36 months,14,13265,165179500.0,3949393.81,2.391
2014-04-01,36 months,15,13265,165179500.0,4461664.56,2.701
2014-04-01,36 months,16,13265,165179500.0,5113225.76,3.096
2014-04-01,36 months,17,13265,165179500.0,5738723.18,3.474
2014-04-01,36 months,18,13265,165179500.0,6233008.51,3.773
2014-04-01,36 months,19,13265,165179500.0,6959922.13,4.214
2014-04-01,36 months,20,13265,165179500.0,7579832.29,4.589
2014-04-01,36 months,21,13265,165179500.0,8016286.47,4.853
2014-04-01,36 months,22,13265,165179500.0,8452875.99,5.117
2014-04-01,36 months,23,13265,165179500.0,8913927.93,5.397
2014-04-01,36 months,24,13265,165179500.0,9204149.44,5.572
2014-04-01,36 months,25,13265,165179500.0,9537374.44,5.774
2014-04-01,36 months,26,13265,165179500.0,9813804.56,5.941
2014-04-01,36 months,27,13265,165179500.0,10070229.99,6.097
2014-04-01,36 months,28,13265,165179500.0,10421398.78,6.309
2014-04-01,36 months,29,13265,165179500.0,10631591.13,6.436
2014-04-01,36 months,30,13265,165179500.0,10760401.68,6.514
2014-04-01,36 months,31,13265,165179500.0,11042447.25,6.685
2014-04-01,36 months,32,13265,165179500.0,11238758.0,6.804
2014-04-01,36 months,33,13265,165179500.0,11444707.83,6.929
2014-04-01,36 months,34,13265,165179500.0,11557238.66,6.997
2014-04-01,36 months,35,13265,165179500.0,11683464.88,7.073
2014-04-01,36 months,36,13265,165179500.0,11739116.95,7.107
2014-04-01,36 months,37,13265,165179500.0,11785108.63,7.135
2014-04-01,36 months,38,13265,165179500.0,11823329.03,7.158
2014-04-01,36 months,39,13265,165179500.0,11860373.52,7.18
2014-04-01,36 months,40,13265,165179500.0,11887781.96,7.197
2014-04-01,36 months,41,13265,165179500.0,11890281.28,7.198
2014-04-01,36 months,42,13265,165179500.0,11893660.04,7.2
2014-04-01,36 months,43,13265,165179500.0,11896789.21,7.202
2014-04-01,36 months,44,13265,165179500.0,11898263.15,7.203
2014-04-01,36 months,45,13265,165179500.0,11898263.15,7.203
2014-04-01,36 months,46,13265,165179500.0,11898883.91,7.204
2014-04-01,36 months,47,13265,165179500.0,11898883.91,7.204
2014-04-01,36 months,48,13265,165179500.0,11898883.91,7.204
2014-04-01,36 months,49,13265,165179500.0,11898883.91,7.204
2014-04-01,36 months,50,13265,165179500.0,11898883.91,7.204
2014-04-01,36 months,51,13265,165179500.0,11898883.91,7.204
2014-04-01,36 months,52,13265,165179500.0,11898883.91,7.204
2014-04-01,36 months,53,13265,165179500.0,11898883.91,7.204
2014-04-01,36 months,54,13265,165179500.0,11898883.91,7.204
2014-04-01,36 months,55,13265,165179500.0,11898883.91,7.204
2014-04-01,36 months,56,13265,165179500.0,11898883.91,7.204
2014-04-01,36 months,57,13265,165179500.0,11898883.91,7.204
2014-04-01,36 months,58,13265,165179500.0,11898883.91,7.204
2014-04-01,36 months,59,13265,165179500.0,11898883.91,7.204
2014-04-01,60 months,0,5806,116000075.0,0.0,0.0
2014-04-01,60 months,1,5806,116000075.0,0.0,0.0
2014-04-01,60 months,2,5806,116000075.0,0.0,0.0
2014-04-01,60 months,3,5806,116000075.0,0.0,0.0
2014-04-01,60 months,4,5806,116000075.0,0.0,0.0
2014-04-01,60 months,5,5806,116000075.0,94550.0,0.082
2014-04-01,60 months,6,5806,116000075.0,228332.21,0.197
2014-04-01,60 months,7,5806,116000075.0,501303.81,0.432
2014-04-01,60 months,8,5806,116000075.0,868701.03,0.749
2014-04-01,60 months,9,5806,116000075.0,1296475.65,1.118
2014-04-01,60 months,10,5806,116000075.0,1877520.15,1.619
2014-04-01,60 months,11,5806,116000075.0,2603033.06,2.244
2014-04-01,60 months,12,5806,116000075.0,3216411.0,2.773
2014-04-01,60 months,13,5806,116000075.0,3979635.19,3.431
2014-04-01,60 months,14,5806,116000075.0,4685998.27,4.04
2014-04-01,60 months,15,5806,116000075.0,5167913.02,4.455
2014-04-01,60 months,16,5806,116000075.0,5923124.14,5.106
2014-04-01,60 months,17,5806,116000075.0,6764930.69,5.832
2014-04-01,60 months,18,5806,116000075.0,7277026.02,6.273
2014-04-01,60 months,19,5806,116000075.0,8005454.63,6.901
2014-04-01,60 months,20,5806,116000075.0,8862052.69,7.64
2014-04-01,60 months,21,5806,116000075.0,9649532.32,8.319
2014-04-01,60 months,22,5806,116000075.0,10388166.19,8.955
2014-04-01,60 months,23,5806,116000075.0,11042861.82,9.52
2014-04-01,60 months,24,5806,116000075.0,11585994.64,9.988
2014-04-01,60 months,25,5806,116000075.0,12192461.38,10.511
2014-04-01,60 months,26,5806,116000075.0,12569363.04,10.836
2014-04-01,60 months,27,5806,116000075.0,13030847.37,11.233
2014-04-01,60 months,28,5806,116000075.0,13687421.18,11.799
2014-04-01,60 months,29,5806,116000075.0,14217236.59,12.256
2014-04-01,60 months,30,5806,116000075.0,14763318.25,12.727
2014-04-01,60 months,31,5806,116000075.0,15241132.84,13.139
2014-04-01,60 months,32,5806,116000075.0,15686039.63,13.522
2014-04-01,60 months,33,5806,116000075.0,16272406.13,14.028
2014-04-01,60 months,34,5806,116000075.0,16812569.02,14.494
2014-04-01,60 months,35,5806,116000075.0,17301365.67,14.915
2014-04-01,60 months,36,5806,116000075.0,17680379.71,15.242
2014-04-01,60 months,37,5806,116000075.0,17979851.84,15.5
2014-04-01,60 months,38,5806,116000075.0,18274542.01,15.754
2014-04-01,60 months,39,5806,116000075.0,18547238.97,15.989
2014-04-01,60 months,40,5806,116000075.0,18879857.27,16.276
2014-04-01,60 months,41,5806,116000075.0,19120949.03,16.484
2014-04-01,60 months,42,5806,116000075.0,19288725.48,16.628
2014-04-01,60 months,43,5806,116000075.0,19457710.07,16.774
2014-04-01,60 months,44,5806,116000075.0,19670598.26,16.957
2014-04-01,60 months,45,5806,116000075.0,19906999.21,17.161
2014-04-01,60 months,46,5806,116000075.0,20112312.87,17.338
2014-04-01,60 months,47,5806,116000075.0,20259520.92,17.465
2014-04-01,60 months,48,5806,116000075.0,20440084.63,17.621
2014-04-01,60 months,49,5806,116000075.0,20543268.9,17.71
2014-04-01,60 months,50,5806,116000075.0,20695121.31,17.841
2014-04-01,60 months,51,5806,116000075.0,20812518.76,17.942
2014-04-01,60 months,52,5806,116000075.0,20941497.85,18.053
2014-04-01,60 months,53,5806,116000075.0,20982805.72,18.089
2014-04-01,60 months,54,5806,116000075.0,21075260.32,18.168
2014-04-01,60 months,55,5806,116000075.0,21140576.19,18.225
2014-04-01,60 months,56,5806,116000075.0,21193355.44,18.27
2014-04-01,60 months,57,5806,116000075.0,21252203.83,18.321
2014-04-01,60 months,58,5806,116000075.0,21271415.0,18.337
2014-04-01,60 months,59,5806,116000075.0,21307631.12,18.369
2014-05-01,36 months,0,13108,160601875.0,0.0,0.0
2014-05-01,36 months,1,13108,160601875.0,0.0,0.0
2014-05-01,36 months,2,13108,160601875.0,0.0,0.0
2014-05-01,36 months,3,13108,160601875.0,0.0,0.0
2014-05-01,36 months,4,13108,160601875.0,0.0,0.0
2014-05-01,36 months,5,13108,160601875.0,29800.0,0.019
2014-05-01,36 months,6,13108,160601875.0,203955.4,0.127
2014-05-01,36 months,7,13108,160601875.0,371072.6,0.231
2014-05-01,36 months,8,13108,160601875.0,752281.48,0.468
2014-05-01,36 months,9,13108,160601875.0,1162638.53,0.724
2014-05-01,36 months,10,13108,160601875.0,1736822.64,1.081
2014-05-01,36 months,11,13108,160601875.0,2166709.75,1.349
2014-05-01,36 months,12,13108,160601875.0,2705568.2,1.685
2014-05-01,36 months,13,13108,160601875.0,3198631.1,1.992
2014-05-01,36 months,14,13108,160601875.0,3653022.85,2.275
2014-05-01,36 months,15,13108,160601875.0,4325578.91,2.693
2014-05-01,36 months,16,13108,160601875.0,4967185.29,3.093
2014-05-01,36 months,17,13108,160601875.0,5579237.25,3.474
2014-05-01,36 months,18,13108,160601875.0,5990211.02,3.73
2014-05-01,36 months,19,13108,160601875.0,6563145.62,4.087
2014-05-01,36 months,20,13108,160601875.0,7190018.94,4.477
2014-05-01,36 months,21,13108,160601875.0,7731562.34,4.814
2014-05-01,36 months,22,13108,160601875.0,8252603.19,5.139
2014-05-01,36 months,23,13108,160601875.0,8615838.9,5.365
2014-05-01,36 months,24,13108,160601875.0,9062335.94,5.643
2014-05-01,36 months,25,13108,160601875.0,9301093.92,5.791
2014-05-01,36 months,26,13108,160601875.0,9533434.71,5.936
2014-05-01,36 months,27,13108,160601875.0,9821255.29,6.115
2014-05-01,36 months,28,13108,160601875.0,10021975.2,6.24
2014-05-01,36 months,29,13108,160601875.0,10285683.24,6.404
2014-05-01,36 months,30,13108,160601875.0,10517530.23,6.549
2014-05-01,36 months,31,13108,160601875.0,10716658.62,6.673
2014-05-01,36 months,32,13108,160601875.0,10867466.64,6.767
2014-05-01,36 months,33,13108,160601875.0,11035476.88,6.871
2014-05-01,36 months,34,13108,160601875.0,11163784.28,6.951
2014-05-01,36 months,35,13108,160601875.0,11280092.63,7.024
2014-05-01,36 months,36,13108,160601875.0,11372057.23,7.081
2014-05-01,36 months,37,13108,160601875.0,11442428.26,7.125
2014-05-01,36 months,38,13108,160601875.0,11464053.01,7.138
2014-05-01,36 months,39,13108,160601875.0,11482041.14,7.149
2014-05-01,36 months,40,13108,160601875.0,11493769.04,7.157
2014-05-01,36 months,41,13108,160601875.0,11497933.12,7.159
2014-05-01,36 months,42,13108,160601875.0,11499197.53,7.16
2014-05-01,36 months,43,13108,160601875.0,11499567.86,7.16
2014-05-01,36 months,44,13108,160601875.0,11500363.11,7.161
2014-05-01,36 months,45,13108,160601875.0,11500363.11,7.161
2014-05-01,36 months,46,13108,160601875.0,11500711.61,7.161
2014-05-01,36 months,47,13108,160601875.0,11500711.61,7.161
2014-05-01,36 months,48,13108,160601875.0,11500711.61,7.161
2014-05-01,36 months,49,13108,160601875.0,11500711.61,7.161
2014-05-01,36 months,50,13108,160601875.0,11500711.61,7.161
2014-05-01,36 months,51,13108,160601875.0,11500711.61,7.161
2014-05-01,36 months,52,13108,160601875.0,11500711.61,7.161
2014-05-01,36 months,53,13108,160601875.0,11500711.61,7.161
2014-05-01,36 months,54,13108,160601875.0,11500711.61,7.161
2014-05-01,36 months,55,13108,160601875.0,11500711.61,7.161
2014-05-01,36 months,56,13108,160601875.0,11500711.61,7.161
2014-05-01,36 months,57,13108,160601875.0,11500711.61,7.161
2014-05-01,36 months,58,13108,160601875.0,11500711.61,7.161
2014-05-01,60 months,0,5991,120059725.0,0.0,0.0
2014-05-01,60 months,1,5991,120059725.0,0.0,0.0
2014-05-01,60 months,2,5991,120059725.0,0.0,0.0
2014-05-01,60 months,3,5991,120059725.0,0.0,0.0
2014-05-01,60 months,4,5991,120059725.0,0.0,0.0
2014-05-01,60 months,5,5991,120059725.0,87575.0,0.073
2014-05-01,60 months,6,5991,120059725.0,317458.56,0.264
2014-05-01,60 months,7,5991,120059725.0,537386.04,0.448
2014-05-01,60 months,8,5991,120059725.0,803511.62,0.669
2014-05-01,60 months,9,5991,120059725.0,1393990.09,1.161
2014-05-01,60 months,10,5991,120059725.0,2089389.42,1.74
2014-05-01,60 months,11,5991,120059725.0,2699932.14,2.249
2014-05-01,60 months,12,5991,120059725.0,3496180.86,2.912
2014-05-01,60 months,13,5991,120059725.0,4081780.65,3.4
2014-05-01,60 months,14,5991,120059725.0,4731802.21,3.941
2014-05-01,60 months,15,5991,120059725.0,5696828.82,4.745
2014-05-01,60 months,16,5991,120059725.0,6560853.22,5.465
2014-05-01,60 months,17,5991,120059725.0,7385840.09,6.152
2014-05-01,60 months,18,5991,120059725.0,8355603.85,6.96
2014-05-01,60 months,19,5991,120059725.0,9150222.67,7.621
2014-05-01,60 months,20,5991,120059725.0,9785842.21,8.151
2014-05-01,60 months,21,5991,120059725.0,10501456.65,8.747
2014-05-01,60 months,22,5991,120059725.0,11254454.46,9.374
2014-05-01,60 months,23,5991,120059725.0,11764831.85,9.799
2014-05-01,60 months,24,5991,120059725.0,12436478.56,10.359
2014-05-01,60 months,25,5991,120059725.0,12882807.58,10.73
2014-05-01,60 months,26,5991,120059725.0,13454833.77,11.207
2014-05-01,60 months,27,5991,120059725.0,14106211.46,11.749
2014-05-01,60 months,28,5991,120059725.0,14621599.03,12.179
2014-05-01,60 months,29,5991,120059725.0,15125757.34,12.599
2014-05-01,60 months,30,5991,120059725.0,15605695.72,12.998
2014-05-01,60 months,31,5991,120059725.0,16140037.81,13.443
2014-05-01,60 months,32,5991,120059725.0,16683102.43,13.896
2014-05-01,60 months,33,5991,120059725.0,17144206.74,14.28
2014-05-01,60 months,34,5991,120059725.0,17712555.47,14.753
2014-05-01,60 months,35,5991,120059725.0,18176665.95,15.14
2014-05-01,60 months,36,5991,120059725.0,18496261.29,15.406
2014-05-01,60 months,37,5991,120059725.0,18886513.01,15.731
2014-05-01,60 months,38,5991,120059725.0,19075505.82,15.888
2014-05-01,60 months,39,5991,120059725.0,19422394.03,16.177
2014-05-01,60 months,40,5991,120059725.0,19761126.06,16.459
2014-05-01,60 months,41,5991,120059725.0,19940906.08,16.609
2014-05-01,60 months,42,5991,120059725.0,20163784.65,16.795
2014-05-01,60 months,43,5991,120059725.0,20312273.85,16.918
2014-05-01,60 months,44,5991,120059725.0,20544825.12,17.112
2014-05-01,60 months,45,5991,120059725.0,20776956.59,17.306
2014-05-01,60 months,46,5991,120059725.0,20965743.74,17.463
2014-05-01,60 months,47,5991,120059725.0,21084039.01,17.561
2014-05-01,60 months,48,5991,120059725.0,21206021.81,17.663
2014-05-01,60 months,49,5991,120059725.0,21315444.63,17.754
2014-05-01,60 months,50,5991,120059725.0,21370859.5,17.8
2014-05-01,60 months,51,5991,120059725.0,21472442.36,17.885
2014-05-01,60 months,52,5991,120059725.0,21588227.1,17.981
2014-05-01,60 months,53,5991,120059725.0,21669884.91,18.049
2014-05-01,60 months,54,5991,120059725.0,21738883.03,18.107
2014-05-01,60 months,55,5991,120059725.0,21777840.44,18.139
2014-05-01,60 months,56,5991,120059725.0,21842154.64,18.193
2014-05-01,60 months,57,5991,120059725.0,21890418.59,18.233
2014-05-01,60 months,58,5991,120059725.0,21948157.33,18.281
2014-06-01,36 months,0,11508,141209075.0,0.0,0.0
2014-06-01,36 months,1,11508,141209075.0,0.0,0.0
2014-06-01,36 months,2,11508,141209075.0,0.0,0.0
2014-06-01,36 months,3,11508,141209075.0,0.0,0.0
2014-06-01,36 months,4,11508,141209075.0,0.0,0.0
2014-06-01,36 months,5,11508,141209075.0,57500.0,0.041
2014-06-01,36 months,6,11508,141209075.0,246357.54,0.174
2014-06-01,36 months,7,11508,141209075.0,426834.95,0.302
2014-06-01,36 months,8,11508,141209075.0,739607.94,0.524
2014-06-01,36 months,9,11508,141209075.0,1144720.77,0.811
2014-06-01,36 months,10,11508,141209075.0,1507722.05,1.068
2014-06-01,36 months,11,11508,141209075.0,1911544.93,1.354
2014-06-01,36 months,12,11508,141209075.0,2391922.2,1.694
2014-06-01,36 months,13,11508,141209075.0,2781274.1,1.97
2014-06-01,36 months,14,11508,141209075.0,3304158.74,2.34
2014-06-01,36 months,15,11508,141209075.0,3687734.09,2.612
2014-06-01,36 months,16,11508,141209075.0,4354826.55,3.084
2014-06-01,36 months,17,11508,141209075.0,4922224.8,3.486
2014-06-01,36 months,18,11508,141209075.0,5393290.14,3.819
2014-06-01,36 months,19,11508,141209075.0,5876525.65,4.162
2014-06-01,36 months,20,11508,141209075.0,6380748.14,4.519
2014-06-01,36 months,21,11508,141209075.0,6806906.57,4.82
2014-06-01,36 months,22,11508,141209075.0,7249638.27,5.134
2014-06-01,36 months,23,11508,141209075.0,7611239.94,5.39
2014-06-01,36 months,24,11508,141209075.0,7934809.42,5.619
2014-06-01,36 months,25,11508,141209075.0,8181583.22,5.794
2014-06-01,36 months,26,11508,141209075.0,8419132.78,5.962
2014-06-01,36 months,27,11508,141209075.0,8621077.96,6.105
2014-06-01,36 months,28,11508,141209075.0,8837107.86,6.258
2014-06-01,36 months,29,11508,141209075.0,9125009.89,6.462
2014-06-01,36 months,30,11508,141209075.0,9356810.32,6.626
2014-06-01,36 months,31,11508,141209075.0,9553644.2,6.766
2014-06-01,36 months,32,11508,141209075.0,9714829.63,6.88
2014-06-01,36 months,33,11508,141209075.0,9852368.73,6.977
2014-06-01,36 months,34,11508,141209075.0,10018873.68,7.095
2014-06-01,36 months,35,11508,141209075.0,10101493.14,7.154
2014-06-01,36 months,36,11508,141209075.0,10166757.45,7.2
2014-06-01,36 months,37,11508,141209075.0,10215556.36,7.234
2014-06-01,36 months,38,11508,141209075.0,10269552.83,7.273
2014-06-01,36 months,39,11508,141209075.0,10290155.28,7.287
2014-06-01,36 months,40,11508,141209075.0,10308327.89,7.3
2014-06-01,36 months,41,11508,141209075.0,10312777.32,7.303
2014-06-01,36 months,42,11508,141209075.0,10315494.26,7.305
2014-06-01,36 months,43,11508,141209075.0,10315944.88,7.305
2014-06-01,36 months,44,11508,141209075.0,10316252.4,7.306
2014-06-01,36 months,45,11508,141209075.0,10316252.4,7.306
2014-06-01,36 months,46,11508,141209075.0,10316504.49,7.306
2014-06-01,36 months,47,11508,141209075.0,10316504.49,7.306
2014-06-01,36 months,48,11508,141209075.0,10316504.49,7.306
2014-06-01,36 months,49,11508,141209075.0,10316504.49,7.306
2014-06-01,36 months,50,11508,141209075.0,10316504.49,7.306
2014-06-01,36 months,51,11508,141209075.0,10316504.49,7.306
2014-06-01,36 months,52,11508,141209075.0,10316504.49,7.306
2014-06-01,36 months,53,11508,141209075.0,10316504.49,7.306
2014-06-01,36 months,54,11508,141209075.0,10316504.49,7.306
2014-06-01,36 months,55,11508,141209075.0,10316504.49,7.306
2014-06-01,36 months,56,11508,141209075.0,10316504.49,7.306
2014-06-01,36 months,57,11508,141209075.0,10316504.49,7.306
2014-06-01,60 months,0,5671,114689800.0,0.0,0.0
2014-06-01,60 months,1,5671,114689800.0,0.0,0.0
2014-06-01,60 months,2,5671,114689800.0,0.0,0.0
2014-06-01,60 months,3,5671,114689800.0,0.0,0.0
2014-06-01,60 months,4,5671,114689800.0,0.0,0.0
2014-06-01,60 months,5,5671,114689800.0,68450.0,0.06
2014-06-01,60 months,6,5671,114689800.0,165319.62,0.144
2014-06-01,60 months,7,5671,114689800.0,406351.76,0.354
2014-06-01,60 months,8,5671,114689800.0,942969.31,0.822
2014-06-01,60 months,9,5671,114689800.0,1592618.66,1.389
2014-06-01,60 months,10,5671,114689800.0,2017862.49,1.759
2014-06-01,60 months,11,5671,114689800.0,2698721.98,2.353
2014-06-01,60 months,12,5671,114689800.0,3248256.45,2.832
2014-06-01,60 months,13,5671,114689800.0,3828763.09,3.338
2014-06-01,60 months,14,5671,114689800.0,4587686.04,4.0
2014-06-01,60 months,15,5671,114689800.0,5413672.05,4.72
2014-06-01,60 months,16,5671,114689800.0,6085132.5,5.306
2014-06-01,60 months,17,5671,114689800.0,6982012.63,6.088
2014-06-01,60 months,18,5671,114689800.0,7679680.84,6.696
2014-06-01,60 months,19,5671,114689800.0,8602782.29,7.501
2014-06-01,60 months,20,5671,114689800.0,9382332.7,8.181
2014-06-01,60 months,21,5671,114689800.0,10317858.9,8.996
2014-06-01,60 months,22,5671,114689800.0,10862849.42,9.472
2014-06-01,60 months,23,5671,114689800.0,11519904.72,10.044
2014-06-01,60 months,24,5671,114689800.0,12036971.71,10.495
2014-06-01,60 months,25,5671,114689800.0,12564459.11,10.955
2014-06-01,60 months,26,5671,114689800.0,13036593.87,11.367
2014-06-01,60 months,27,5671,114689800.0,13551863.08,11.816
2014-06-01,60 months,28,5671,114689800.0,14225441.08,12.403
2014-06-01,60 months,29,5671,114689800.0,14934318.04,13.021
2014-06-01,60 months,30,5671,114689800.0,15622905.84,13.622
2014-06-01,60 months,31,5671,114689800.0,16071169.95,14.013
2014-06-01,60 months,32,5671,114689800.0,16616922.11,14.489
2014-06-01,60 months,33,5671,114689800.0,17151922.31,14.955
2014-06-01,60 months,34,5671,114689800.0,17709748.72,15.441
2014-06-01,60 months,35,5671,114689800.0,18055297.3,15.743
2014-06-01,60 months,36,5671,114689800.0,18394565.31,16.039
2014-06-01,60 months,37,5671,114689800.0,18729468.47,16.331
2014-06-01,60 months,38,5671,114689800.0,19139400.94,16.688
2014-06-01,60 months,39,5671,114689800.0,19363252.94,16.883
2014-06-01,60 months,40,5671,114689800.0,19620305.73,17.107
2014-06-01,60 months,41,5671,114689800.0,19838085.65,17.297
2014-06-01,60 months,42,5671,114689800.0,20083839.28,17.511
2014-06-01,60 months,43,5671,114689800.0,20329903.65,17.726
2014-06-01,60 months,44,5671,114689800.0,20557256.04,17.924
2014-06-01,60 months,45,5671,114689800.0,20807719.78,18.143
2014-06-01,60 months,46,5671,114689800.0,20914634.05,18.236
2014-06-01,60 months,47,5671,114689800.0,21083817.25,18.383
2014-06-01,60 months,48,5671,114689800.0,21218922.72,18.501
2014-06-01,60 months,49,5671,114689800.0,21301624.25,18.573
2014-06-01,60 months,50,5671,114689800.0,21393504.93,18.653
2014-06-01,60 months,51,5671,114689800.0,21476455.16,18.726
2014-06-01,60 months,52,5671,114689800.0,21510878.58,18.756
2014-06-01,60 months,53,5671,114689800.0,21626758.83,18.857
2014-06-01,60 months,54,5671,114689800.0,21689175.49,18.911
2014-06-01,60 months,55,5671,114689800.0,21728371.1,18.945
2014-06-01,60 months,56,5671,114689800.0,21790239.83,18.999
2014-06-01,60 months,57,5671,114689800.0,21881999.72,19.079
2014-07-01,36 months,0,19941,246727425.0,0.0,0.0
2014-07-01,36 months,1,19941,246727425.0,0.0,0.0
2014-07-01,36 months,2,19941,246727425.0,0.0,0.0
2014-07-01,36 months,3,19941,246727425.0,0.0,0.0
2014-07-01,36 months,4,19941,246727425.0,0.0,0.0
2014-07-01,36 months,5,19941,246727425.0,112125.0,0.045
2014-07-01,36 months,6,19941,246727425.0,356506.2,0.144
2014-07-01,36 months,7,19941,246727425.0,705171.6,0.286
2014-07-01,36 months,8,19941,246727425.0,1200275.69,0.486
2014-07-01,36 months,9,19941,246727425.0,1758344.33,0.713
2014-07-01,36 months,10,19941,246727425.0,2463822.26,0.999
2014-07-01,36 months,11,19941,246727425.0,3349929.57,1.358
2014-07-01,36 months,12,19941,246727425.0,4039645.83,1.637
2014-07-01,36 months,13,19941,246727425.0,5176077.16,2.098
2014-07-01,36 months,14,19941,246727425.0,5850274.57,2.371
2014-07-01,36 months,15,19941,246727425.0,6851896.45,2.777
2014-07-01,36 months,16,19941,246727425.0,8043082.84,3.26
2014-07-01,36 months,17,19941,246727425.0,9195884.71,3.727
2014-07-01,36 months,18,19941,246727425.0,10132719.5,4.107
2014-07-01,36 months,19,19941,246727425.0,11042166.8,4.475
2014-07-01,36 months,20,19941,246727425.0,11873881.78,4.813
2014-07-01,36 months,21,19941,246727425.0,12511006.49,5.071
2014-07-01,36 months,22,19941,246727425.0,13105290.7,5.312
2014-07-01,36 months,23,19941,246727425.0,13611659.39,5.517
2014-07-01,36 months,24,19941,246727425.0,14099007.27,5.714
2014-07-01,36 months,25,19941,246727425.0,14681720.18,5.951
2014-07-01,36 months,26,19941,246727425.0,15217369.41,6.168
2014-07-01,36 months,27,19941,246727425.0,15830379.25,6.416
2014-07-01,36 months,28,19941,246727425.0,16363432.92,6.632
2014-07-01,36 months,29,19941,246727425.0,16874182.99,6.839
2014-07-01,36 months,30,19941,246727425.0,17224249.87,6.981
2014-07-01,36 months,31,19941,246727425.0,17559655.87,7.117
2014-07-01,36 months,32,19941,246727425.0,17884980.92,7.249
2014-07-01,36 months,33,19941,246727425.0,18086493.79,7.331
2014-07-01,36 months,34,19941,246727425.0,18277504.84,7.408
2014-07-01,36 months,35,19941,246727425.0,18436438.97,7.472
2014-07-01,36 months,36,19941,246727425.0,18561403.78,7.523
2014-07-01,36 months,37,19941,246727425.0,18650226.86,7.559
2014-07-01,36 months,38,19941,246727425.0,18730831.88,7.592
2014-07-01,36 months,39,19941,246727425.0,18772834.37,7.609
2014-07-01,36 months,40,19941,246727425.0,18794297.16,7.617
2014-07-01,36 months,41,19941,246727425.0,18801093.9,7.62
2014-07-01,36 months,42,19941,246727425.0,18807663.16,7.623
2014-07-01,36 months,43,19941,246727425.0,18814332.62,7.626
2014-07-01,36 months,44,19941,246727425.0,18815846.43,7.626
2014-07-01,36 months,45,19941,246727425.0,18816550.01,7.626
2014-07-01,36 months,46,19941,246727425.0,18816550.01,7.626
2014-07-01,36 months,47,19941,246727425.0,18816550.01,7.626
2014-07-01,36 months,48,19941,246727425.0,18816550.01,7.626
2014-07-01,36 months,49,19941,246727425.0,18816550.01,7.626
2014-07-01,36 months,50,19941,246727425.0,18816550.01,7.626
2014-07-01,36 months,51,19941,246727425.0,18816550.01,7.626
2014-07-01,36 months,52,19941,246727425.0,18816550.01,7.626
2014-07-01,36 months,53,19941,246727425.0,18816550.01,7.626
2014-07-01,36 months,54,19941,246727425.0,18816550.01,7.626
2014-07-01,36 months,55,19941,246727425.0,18816550.01,7.626
2014-07-01,36 months,56,19941,246727425.0,18816550.01,7.626
2014-07-01,60 months,0,9365,186317300.0,0.0,0.0
2014-07-01,60 months,1,9365,186317300.0,0.0,0.0
2014-07-01,60 months,2,9365,186317300.0,0.0,0.0
2014-07-01,60 months,3,9365,186317300.0,0.0,0.0
2014-07-01,60 months,4,9365,186317300.0,0.0,0.0
2014-07-01,60 months,5,9365,186317300.0,59325.0,0.032
2014-07-01,60 months,6,9365,186317300.0,256516.47,0.138
2014-07-01,60 months,7,9365,186317300.0,825467.24,0.443
2014-07-01,60 months,8,9365,186317300.0,1747231.69,0.938
2014-07-01,60 months,9,9365,186317300.0,2449942.03,1.315
2014-07-01,60 months,10,9365,186317300.0,3254032.99,1.747
2014-07-01,60 months,11,9365,186317300.0,4217930.15,2.264
2014-07-01,60 months,12,9365,186317300.0,5204140.2,2.793
2014-07-01,60 months,13,9365,186317300.0,6508000.95,3.493
2014-07-01,60 months,14,9365,186317300.0,7854926.08,4.216
2014-07-01,60 months,15,9365,186317300.0,9086934.66,4.877
2014-07-01,60 months,16,9365,186317300.0,10349047.64,5.555
2014-07-01,60 months,17,9365,186317300.0,11820753.82,6.344
2014-07-01,60 months,18,9365,186317300.0,13072158.19,7.016
2014-07-01,60 months,19,9365,186317300.0,14274823.74,7.662
2014-07-01,60 months,20,9365,186317300.0,15512270.09,8.326
2014-07-01,60 months,21,9365,186317300.0,16491159.87,8.851
2014-07-01,60 months,22,9365,186317300.0,17524842.99,9.406
2014-07-01,60 months,23,9365,186317300.0,18430917.71,9.892
2014-07-01,60 months,24,9365,186317300.0,19368865.64,10.396
2014-07-01,60 months,25,9365,186317300.0,20610172.4,11.062
2014-07-01,60 months,26,9365,186317300.0,21558308.61,11.571
2014-07-01,60 months,27,9365,186317300.0,22320334.89,11.98
2014-07-01,60 months,28,9365,186317300.0,23301613.01,12.506
2014-07-01,60 months,29,9365,186317300.0,24241031.38,13.011
2014-07-01,60 months,30,9365,186317300.0,25280444.18,13.568
2014-07-01,60 months,31,9365,186317300.0,26030345.14,13.971
2014-07-01,60 months,32,9365,186317300.0,26976300.72,14.479
2014-07-01,60 months,33,9365,186317300.0,27597735.87,14.812
2014-07-01,60 months,34,9365,186317300.0,28206003.75,15.139
2014-07-01,60 months,35,9365,186317300.0,28834178.44,15.476
2014-07-01,60 months,36,9365,186317300.0,29400285.53,15.78
2014-07-01,60 months,37,9365,186317300.0,29954087.06,16.077
2014-07-01,60 months,38,9365,186317300.0,30419277.93,16.327
2014-07-01,60 months,39,9365,186317300.0,30829369.31,16.547
2014-07-01,60 months,40,9365,186317300.0,31266057.67,16.781
2014-07-01,60 months,41,9365,186317300.0,31668807.53,16.997
2014-07-01,60 months,42,9365,186317300.0,32134262.14,17.247
2014-07-01,60 months,43,9365,186317300.0,32559202.12,17.475
2014-07-01,60 months,44,9365,186317300.0,32829064.96,17.62
2014-07-01,60 months,45,9365,186317300.0,33010552.23,17.717
2014-07-01,60 months,46,9365,186317300.0,33236014.98,17.838
2014-07-01,60 months,47,9365,186317300.0,33423135.59,17.939
2014-07-01,60 months,48,9365,186317300.0,33527106.02,17.995
2014-07-01,60 months,49,9365,186317300.0,33660397.05,18.066
2014-07-01,60 months,50,9365,186317300.0,33750712.16,18.115
2014-07-01,60 months,51,9365,186317300.0,33875174.62,18.181
2014-07-01,60 months,52,9365,186317300.0,34011468.14,18.255
2014-07-01,60 months,53,9365,186317300.0,34133295.44,18.32
2014-07-01,60 months,54,9365,186317300.0,34228371.33,18.371
2014-07-01,60 months,55,9365,186317300.0,34332282.67,18.427
2014-07-01,60 months,56,9365,186317300.0,34543978.34,18.54
2014-08-01,36 months,0,13283,169441200.0,0.0,0.0
2014-08-01,36 months,1,13283,169441200.0,0.0,0.0
2014-08-01,36 months,2,13283,169441200.0,0.0,0.0
2014-08-01,36 months,3,13283,169441200.0,0.0,0.0
2014-08-01,36 months,4,13283,169441200.0,0.0,0.0
2014-08-01,36 months,5,13283,169441200.0,98875.0,0.058
2014-08-01,36 months,6,13283,169441200.0,277477.65,0.164
2014-08-01,36 months,7,13283,169441200.0,611642.9,0.361
2014-08-01,36 months,8,13283,169441200.0,945461.09,0.558
2014-08-01,36 months,9,13283,169441200.0,1410367.58,0.832
2014-08-01,36 months,10,13283,169441200.0,1814589.27,1.071
2014-08-01,36 months,11,13283,169441200.0,2329615.8,1.375
2014-08-01,36 months,12,13283,169441200.0,2919347.07,1.723
2014-08-01,36 months,13,13283,169441200.0,3476899.23,2.052
2014-08-01,36 months,14,13283,169441200.0,4113968.29,2.428
2014-08-01,36 months,15,13283,169441200.0,4786996.33,2.825
2014-08-01,36 months,16,13283,169441200.0,5703378.36,3.366
2014-08-01,36 months,17,13283,169441200.0,6327708.97,3.734
2014-08-01,36 months,18,13283,169441200.0,6784616.25,4.004
2014-08-01,36 months,19,13283,169441200.0,7346974.7,4.336
2014-08-01,36 months,20,13283,169441200.0,7626482.14,4.501
2014-08-01,36 months,21,13283,169441200.0,8143375.56,4.806
2014-08-01,36 months,22,13283,169441200.0,8579713.1,5.064
2014-08-01,36 months,23,13283,169441200.0,9064679.46,5.35
2014-08-01,36 months,24,13283,169441200.0,9603150.75,5.668
2014-08-01,36 months,25,13283,169441200.0,9853721.74,5.815
2014-08-01,36 months,26,13283,169441200.0,10404826.04,6.141
2014-08-01,36 months,27,13283,169441200.0,10751595.11,6.345
2014-08-01,36 months,28,13283,169441200.0,10982540.94,6.482
2014-08-01,36 months,29,13283,169441200.0,11269952.91,6.651
2014-08-01,36 months,30,13283,169441200.0,11596812.0,6.844
2014-08-01,36 months,31,13283,169441200.0,11790047.58,6.958
2014-08-01,36 months,32,13283,169441200.0,11942359.12,7.048
2014-08-01,36 months,33,13283,169441200.0,12033977.59,7.102
2014-08-01,36 months,34,13283,169441200.0,12177526.16,7.187
2014-08-01,36 months,35,13283,169441200.0,12317021.63,7.269
2014-08-01,36 months,36,13283,169441200.0,12403304.67,7.32
2014-08-01,36 months,37,13283,169441200.0,12474665.74,7.362
2014-08-01,36 months,38,13283,169441200.0,12520915.06,7.39
2014-08-01,36 months,39,13283,169441200.0,12538313.28,7.4
2014-08-01,36 months,40,13283,169441200.0,12555696.56,7.41
2014-08-01,36 months,41,13283,169441200.0,12560336.88,7.413
2014-08-01,36 months,42,13283,169441200.0,12567592.77,7.417
2014-08-01,36 months,43,13283,169441200.0,12567592.77,7.417
2014-08-01,36 months,44,13283,169441200.0,12571329.81,7.419
2014-08-01,36 months,45,13283,169441200.0,12571329.81,7.419
2014-08-01,36 months,46,13283,169441200.0,12572622.55,7.42
2014-08-01,36 months,47,13283,169441200.0,12572622.55,7.42
2014-08-01,36 months,48,13283,169441200.0,12572622.55,7.42
2014-08-01,36 months,49,13283,169441200.0,12572622.55,7.42
2014-08-01,36 months,50,13283,169441200.0,12572622.55,7.42
2014-08-01,36 months,51,13283,169441200.0,12572622.55,7.42
2014-08-01,36 months,52,13283,169441200.0,12572622.55,7.42
2014-08-01,36 months,53,13283,169441200.0,12572622.55,7.42
2014-08-01,36 months,54,13283,169441200.0,12572622.55,7.42
2014-08-01,36 months,55,13283,169441200.0,12572622.55,7.42
2014-08-01,60 months,0,5531,111985775.0,0.0,0.0
2014-08-01,60 months,1,5531,111985775.0,0.0,0.0
2014-08-01,60 months,2,5531,111985775.0,0.0,0.0
2014-08-01,60 months,3,5531,111985775.0,0.0,0.0
2014-08-01,60 months,4,5531,111985775.0,0.0,0.0
2014-08-01,60 months,5,5531,111985775.0,87025.0,0.078
2014-08-01,60 months,6,5531,111985775.0,253144.88,0.226
2014-08-01,60 months,7,5531,111985775.0,800803.69,0.715
2014-08-01,60 months,8,5531,111985775.0,1155162.33,1.032
2014-08-01,60 months,9,5531,111985775.0,1539505.13,1.375
2014-08-01,60 months,10,5531,111985775.0,2164743.35,1.933
2014-08-01,60 months,11,5531,111985775.0,2720361.17,2.429
2014-08-01,60 months,12,5531,111985775.0,3402921.5,3.039
2014-08-01,60 months,13,5531,111985775.0,4181642.64,3.734
2014-08-01,60 months,14,5531,111985775.0,5007228.06,4.471
2014-08-01,60 months,15,5531,111985775.0,5789555.26,5.17
2014-08-01,60 months,16,5531,111985775.0,6736883.99,6.016
2014-08-01,60 months,17,5531,111985775.0,7516182.44,6.712
2014-08-01,60 months,18,5531,111985775.0,8311220.67,7.422
2014-08-01,60 months,19,5531,111985775.0,9230639.26,8.243
2014-08-01,60 months,20,5531,111985775.0,9866040.38,8.81
2014-08-01,60 months,21,5531,111985775.0,10482926.2,9.361
2014-08-01,60 months,22,5531,111985775.0,11117658.1,9.928
2014-08-01,60 months,23,5531,111985775.0,11799608.82,10.537
2014-08-01,60 months,24,5531,111985775.0,12724753.78,11.363
2014-08-01,60 months,25,5531,111985775.0,13268009.71,11.848
2014-08-01,60 months,26,5531,111985775.0,14088776.08,12.581
2014-08-01,60 months,27,5531,111985775.0,14740456.93,13.163
2014-08-01,60 months,28,5531,111985775.0,15352037.52,13.709
2014-08-01,60 months,29,5531,111985775.0,16076996.92,14.356
2014-08-01,60 months,30,5531,111985775.0,16695920.91,14.909
2014-08-01,60 months,31,5531,111985775.0,17089924.73,15.261
2014-08-01,60 months,32,5531,111985775.0,17568571.09,15.688
2014-08-01,60 months,33,5531,111985775.0,17942265.72,16.022
2014-08-01,60 months,34,5531,111985775.0,18349688.64,16.386
2014-08-01,60 months,35,5531,111985775.0,18536389.62,16.552
2014-08-01,60 months,36,5531,111985775.0,18952150.44,16.924
2014-08-01,60 months,37,5531,111985775.0,19351132.43,17.28
2014-08-01,60 months,38,5531,111985775.0,19683309.58,17.577
2014-08-01,60 months,39,5531,111985775.0,20045419.69,17.9
2014-08-01,60 months,40,5531,111985775.0,20235832.2,18.07
2014-08-01,60 months,41,5531,111985775.0,20547504.26,18.348
2014-08-01,60 months,42,5531,111985775.0,20735599.2,18.516
2014-08-01,60 months,43,5531,111985775.0,20925459.93,18.686
2014-08-01,60 months,44,5531,111985775.0,21170067.63,18.904
2014-08-01,60 months,45,5531,111985775.0,21318507.75,19.037
2014-08-01,60 months,46,5531,111985775.0,21465834.8,19.168
2014-08-01,60 months,47,5531,111985775.0,21565007.86,19.257
2014-08-01,60 months,48,5531,111985775.0,21718621.04,19.394
2014-08-01,60 months,49,5531,111985775.0,21834653.6,19.498
2014-08-01,60 months,50,5531,111985775.0,21912686.53,19.567
2014-08-01,60 months,51,5531,111985775.0,22009423.37,19.654
2014-08-01,60 months,52,5531,111985775.0,22087802.18,19.724
2014-08-01,60 months,53,5531,111985775.0,22127858.01,19.76
2014-08-01,60 months,54,5531,111985775.0,22190912.55,19.816
2014-08-01,60 months,55,5531,111985775.0,22274054.57,19.89
2014-09-01,36 months,0,7371,93619275.0,0.0,0.0
2014-09-01,36 months,1,7371,93619275.0,0.0,0.0
2014-09-01,36 months,2,7371,93619275.0,0.0,0.0
2014-09-01,36 months,3,7371,93619275.0,0.0,0.0
2014-09-01,36 months,4,7371,93619275.0,0.0,0.0
2014-09-01,36 months,5,7371,93619275.0,14500.0,0.015
2014-09-01,36 months,6,7371,93619275.0,118505.17,0.127
2014-09-01,36 months,7,7371,93619275.0,374840.59,0.4
2014-09-01,36 months,8,7371,93619275.0,702986.72,0.751
2014-09-01,36 months,9,7371,93619275.0,941358.41,1.006
2014-09-01,36 months,10,7371,93619275.0,1171867.74,1.252
2014-09-01,36 months,11,7371,93619275.0,1526291.07,1.63
2014-09-01,36 months,12,7371,93619275.0,1858043.93,1.985
2014-09-01,36 months,13,7371,93619275.0,2372385.81,2.534
2014-09-01,36 months,14,7371,93619275.0,2774386.27,2.963
2014-09-01,36 months,15,7371,93619275.0,3214060.46,3.433
2014-09-01,36 months,16,7371,93619275.0,3632127.59,3.88
2014-09-01,36 months,17,7371,93619275.0,3941378.69,4.21
2014-09-01,36 months,18,7371,93619275.0,4473355.6,4.778
2014-09-01,36 months,19,7371,93619275.0,4746407.01,5.07
2014-09-01,36 months,20,7371,93619275.0,5066506.04,5.412
2014-09-01,36 months,21,7371,93619275.0,5339557.77,5.703
2014-09-01,36 months,22,7371,93619275.0,5582879.7,5.963
2014-09-01,36 months,23,7371,93619275.0,5760340.51,6.153
2014-09-01,36 months,24,7371,93619275.0,5926014.8,6.33
2014-09-01,36 months,25,7371,93619275.0,6057900.28,6.471
2014-09-01,36 months,26,7371,93619275.0,6274185.58,6.702
2014-09-01,36 months,27,7371,93619275.0,6496432.51,6.939
2014-09-01,36 months,28,7371,93619275.0,6670881.86,7.126
2014-09-01,36 months,29,7371,93619275.0,6901287.3,7.372
2014-09-01,36 months,30,7371,93619275.0,7052252.37,7.533
2014-09-01,36 months,31,7371,93619275.0,7184536.62,7.674
2014-09-01,36 months,32,7371,93619275.0,7244728.84,7.739
2014-09-01,36 months,33,7371,93619275.0,7328816.57,7.828
2014-09-01,36 months,34,7371,93619275.0,7406664.79,7.911
2014-09-01,36 months,35,7371,93619275.0,7442135.23,7.949
2014-09-01,36 months,36,7371,93619275.0,7473585.54,7.983
2014-09-01,36 months,37,7371,93619275.0,7493445.12,8.004
2014-09-01,36 months,38,7371,93619275.0,7511289.83,8.023
2014-09-01,36 months,39,7371,93619275.0,7524820.56,8.038
2014-09-01,36 months,40,7371,93619275.0,7538651.48,8.052
2014-09-01,36 months,41,7371,93619275.0,7541603.46,8.056
2014-09-01,36 months,42,7371,93619275.0,7541603.46,8.056
2014-09-01,36 months,43,7371,93619275.0,7541603.46,8.056
2014-09-01,36 months,44,7371,93619275.0,7542901.87,8.057
2014-09-01,36 months,45,7371,93619275.0,7542901.87,8.057
2014-09-01,36 months,46,7371,93619275.0,7542901.87,8.057
2014-09-01,36 months,47,7371,93619275.0,7542901.87,8.057
2014-09-01,36 months,48,7371,93619275.0,7542901.87,8.057
2014-09-01,36 months,49,7371,93619275.0,7542901.87,8.057
2014-09-01,36 months,50,7371,93619275.0,7542901.87,8.057
2014-09-01,36 months,51,7371,93619275.0,7542901.87,8.057
2014-09-01,36 months,52,7371,93619275.0,7542901.87,8.057
2014-09-01,36 months,53,7371,93619275.0,7542901.87,8.057
2014-09-01,36 months,54,7371,93619275.0,7542901.87,8.057
2014-09-01,60 months,0,3235,65824900.0,0.0,0.0
2014-09-01,60 months,1,3235,65824900.0,0.0,0.0
2014-09-01,60 months,2,3235,65824900.0,0.0,0.0
2014-09-01,60 months,3,3235,65824900.0,0.0,0.0
2014-09-01,60 months,4,3235,65824900.0,0.0,0.0
2014-09-01,60 months,5,3235,65824900.0,97250.0,0.148
2014-09-01,60 months,6,3235,65824900.0,190383.51,0.289
2014-09-01,60 months,7,3235,65824900.0,344147.06,0.523
2014-09-01,60 months,8,3235,65824900.0,594211.25,0.903
2014-09-01,60 months,9,3235,65824900.0,888977.44,1.351
2014-09-01,60 months,10,3235,65824900.0,1164960.61,1.77
2014-09-01,60 months,11,3235,65824900.0,1505819.64,2.288
2014-09-01,60 months,12,3235,65824900.0,1917045.07,2.912
2014-09-01,60 months,13,3235,65824900.0,2274821.85,3.456
2014-09-01,60 months,14,3235,65824900.0,2725318.89,4.14
2014-09-01,60 months,15,3235,65824900.0,3339361.4,5.073
2014-09-01,60 months,16,3235,65824900.0,3902731.09,5.929
2014-09-01,60 months,17,3235,65824900.0,4443696.74,6.751
2014-09-01,60 months,18,3235,65824900.0,4883596.8,7.419
2014-09-01,60 months,19,3235,65824900.0,5151016.92,7.825
2014-09-01,60 months,20,3235,65824900.0,5473090.31,8.315
2014-09-01,60 months,21,3235,65824900.0,5743721.24,8.726
2014-09-01,60 months,22,3235,65824900.0,6084905.76,9.244
2014-09-01,60 months,23,3235,65824900.0,6530375.66,9.921
2014-09-01,60 months,24,3235,65824900.0,6866137.24,10.431
2014-09-01,60 months,25,3235,65824900.0,7242056.68,11.002
2014-09-01,60 months,26,3235,65824900.0,7548518.05,11.468
2014-09-01,60 months,27,3235,65824900.0,7934518.4,12.054
2014-09-01,60 months,28,3235,65824900.0,8174806.28,12.419
2014-09-01,60 months,29,3235,65824900.0,8414264.81,12.783
2014-09-01,60 months,30,3235,65824900.0,8756204.52,13.302
2014-09-01,60 months,31,3235,65824900.0,8986332.71,13.652
2014-09-01,60 months,32,3235,65824900.0,9332295.49,14.177
2014-09-01,60 months,33,3235,65824900.0,9542249.84,14.496
2014-09-01,60 months,34,3235,65824900.0,9771735.28,14.845
2014-09-01,60 months,35,3235,65824900.0,9982958.27,15.166
2014-09-01,60 months,36,3235,65824900.0,10141760.3,15.407
2014-09-01,60 months,37,3235,65824900.0,10348072.3,15.721
2014-09-01,60 months,38,3235,65824900.0,10472772.82,15.91
2014-09-01,60 months,39,3235,65824900.0,10603793.16,16.109
2014-09-01,60 months,40,3235,65824900.0,10729318.74,16.3
2014-09-01,60 months,41,3235,65824900.0,10910601.65,16.575
2014-09-01,60 months,42,3235,65824900.0,10988302.74,16.693
2014-09-01,60 months,43,3235,65824900.0,11095712.4,16.856
2014-09-01,60 months,44,3235,65824900.0,11168019.76,16.966
2014-09-01,60 months,45,3235,65824900.0,11281664.95,17.139
2014-09-01,60 months,46,3235,65824900.0,11355230.96,17.251
2014-09-01,60 months,47,3235,65824900.0,11436853.94,17.375
2014-09-01,60 months,48,3235,65824900.0,11469578.52,17.424
2014-09-01,60 months,49,3235,65824900.0,11505947.85,17.48
2014-09-01,60 months,50,3235,65824900.0,11573169.8,17.582
2014-09-01,60 months,51,3235,65824900.0,11619879.35,17.653
2014-09-01,60 months,52,3235,65824900.0,11654411.14,17.705
2014-09-01,60 months,53,3235,65824900.0,11720934.8,17.806
2014-09-01,60 months,54,3235,65824900.0,11827288.09,17.968
2014-10-01,36 months,0,26573,331245050.0,0.0,0.0
2014-10-01,36 months,1,26573,331245050.0,0.0,0.0
2014-10-01,36 months,2,26573,331245050.0,0.0,0.0
2014-10-01,36 months,3,26573,331245050.0,0.0,0.0
2014-10-01,36 months,4,26573,331245050.0,0.0,0.0
2014-10-01,36 months,5,26573,331245050.0,194050.0,0.059
2014-10-01,36 months,6,26573,331245050.0,439255.29,0.133
2014-10-01,36 months,7,26573,331245050.0,959781.16,0.29
2014-10-01,36 months,8,26573,331245050.0,1674375.77,0.505
2014-10-01,36 months,9,26573,331245050.0,2618093.48,0.79
2014-10-01,36 months,10,26573,331245050.0,3844008.56,1.16
2014-10-01,36 months,11,26573,331245050.0,5174340.22,1.562
2014-10-01,36 months,12,26573,331245050.0,6180240.51,1.866
2014-10-01,36 months,13,26573,331245050.0,7678044.58,2.318
2014-10-01,36 months,14,26573,331245050.0,9176661.02,2.77
2014-10-01,36 months,15,26573,331245050.0,10664020.84,3.219
2014-10-01,36 months,16,26573,331245050.0,12198633.35,3.683
2014-10-01,36 months,17,26573,331245050.0,13926229.36,4.204
2014-10-01,36 months,18,26573,331245050.0,15108768.67,4.561
2014-10-01,36 months,19,26573,331245050.0,16100119.33,4.86
2014-10-01,36 months,20,26573,331245050.0,17115934.17,5.167
2014-10-01,36 months,21,26573,331245050.0,18287566.78,5.521
2014-10-01,36 months,22,26573,331245050.0,19347369.52,5.841
2014-10-01,36 months,23,26573,331245050.0,20186117.81,6.094
2014-10-01,36 months,24,26573,331245050.0,21166027.13,6.39
2014-10-01,36 months,25,26573,331245050.0,22024336.8,6.649
2014-10-01,36 months,26,26573,331245050.0,22956861.93,6.93
2014-10-01,36 months,27,26573,331245050.0,23817859.81,7.19
2014-10-01,36 months,28,26573,331245050.0,24498972.15,7.396
2014-10-01,36 months,29,26573,331245050.0,25248883.47,7.622
2014-10-01,36 months,30,26573,331245050.0,25697276.96,7.758
2014-10-01,36 months,31,26573,331245050.0,26072450.12,7.871
2014-10-01,36 months,32,26573,331245050.0,26458744.53,7.988
2014-10-01,36 months,33,26573,331245050.0,26713447.68,8.065
2014-10-01,36 months,34,26573,331245050.0,27022486.31,8.158
2014-10-01,36 months,35,26573,331245050.0,27165221.11,8.201
2014-10-01,36 months,36,26573,331245050.0,27299641.1,8.242
2014-10-01,36 months,37,26573,331245050.0,27411457.57,8.275
2014-10-01,36 months,38,26573,331245050.0,27514076.9,8.306
2014-10-01,36 months,39,26573,331245050.0,27571920.74,8.324
2014-10-01,36 months,40,26573,331245050.0,27611157.14,8.336
2014-10-01,36 months,41,26573,331245050.0,27629834.85,8.341
2014-10-01,36 months,42,26573,331245050.0,27643972.76,8.345
2014-10-01,36 months,43,26573,331245050.0,27653338.19,8.348
2014-10-01,36 months,44,26573,331245050.0,27657836.21,8.35
2014-10-01,36 months,45,26573,331245050.0,27659457.2,8.35
2014-10-01,36 months,46,26573,331245050.0,27659457.2,8.35
2014-10-01,36 months,47,26573,331245050.0,27659457.2,8.35
2014-10-01,36 months,48,26573,331245050.0,27659457.76,8.35
2014-10-01,36 months,49,26573,331245050.0,27659457.76,8.35
2014-10-01,36 months,50,26573,331245050.0,27659457.76,8.35
2014-10-01,36 months,51,26573,331245050.0,27659457.76,8.35
2014-10-01,36 months,52,26573,331245050.0,27659457.76,8.35
2014-10-01,36 months,53,26573,331245050.0,27659457.76,8.35
2014-10-01,60 months,0,12210,240515925.0,0.0,0.0
2014-10-01,60 months,1,12210,240515925.0,0.0,0.0
2014-10-01,60 months,2,12210,240515925.0,0.0,0.0
2014-10-01,60 months,3,12210,240515925.0,0.0,0.0
2014-10-01,60 months,4,12210,240515925.0,0.0,0.0
2014-10-01,60 months,5,12210,240515925.0,171325.0,0.071
2014-10-01,60 months,6,12210,240515925.0,532281.09,0.221
2014-10-01,60 months,7,12210,240515925.0,864702.94,0.36
2014-10-01,60 months,8,12210,240515925.0,1531796.03,0.637
2014-10-01,60 months,9,12210,240515925.0,2390386.75,0.994
2014-10-01,60 months,10,12210,240515925.0,3443056.17,1.432
2014-10-01,60 months,11,12210,240515925.0,4750646.59,1.975
2014-10-01,60 months,12,12210,240515925.0,6279010.78,2.611
2014-10-01,60 months,13,12210,240515925.0,7998978.03,3.326
2014-10-01,60 months,14,12210,240515925.0,9819565.48,4.083
2014-10-01,60 months,15,12210,240515925.0,11659184.36,4.848
2014-10-01,60 months,16,12210,240515925.0,13251400.03,5.51
2014-10-01,60 months,17,12210,240515925.0,15048238.17,6.257
2014-10-01,60 months,18,12210,240515925.0,16421385.23,6.828
2014-10-01,60 months,19,12210,240515925.0,17743952.44,7.377
2014-10-01,60 months,20,12210,240515925.0,19186842.02,7.977
2014-10-01,60 months,21,12210,240515925.0,20484028.04,8.517
2014-10-01,60 months,22,12210,240515925.0,22094103.22,9.186
2014-10-01,60 months,23,12210,240515925.0,23519863.12,9.779
2014-10-01,60 months,24,12210,240515925.0,24905672.31,10.355
2014-10-01,60 months,25,12210,240515925.0,26354677.91,10.958
2014-10-01,60 months,26,12210,240515925.0,27776735.57,11.549
2014-10-01,60 months,27,12210,240515925.0,29297519.12,12.181
2014-10-01,60 months,28,12210,240515925.0,30659769.4,12.748
2014-10-01,60 months,29,12210,240515925.0,31625595.9,13.149
2014-10-01,60 months,30,12210,240515925.0,32833581.82,13.651
2014-10-01,60 months,31,12210,240515925.0,33778578.83,14.044
2014-10-01,60 months,32,12210,240515925.0,34725795.99,14.438
2014-10-01,60 months,33,12210,240515925.0,35320555.3,14.685
2014-10-01,60 months,34,12210,240515925.0,36164314.16,15.036
2014-10-01,60 months,35,12210,240515925.0,36724562.96,15.269
2014-10-01,60 months,36,12210,240515925.0,37394361.71,15.548
2014-10-01,60 months,37,12210,240515925.0,38033032.27,15.813
2014-10-01,60 months,38,12210,240515925.0,38702168.59,16.091
2014-10-01,60 months,39,12210,240515925.0,39392004.36,16.378
2014-10-01,60 months,40,12210,240515925.0,40028115.71,16.643
2014-10-01,60 months,41,12210,240515925.0,40547755.01,16.859
2014-10-01,60 months,42,12210,240515925.0,41012940.59,17.052
2014-10-01,60 months,43,12210,240515925.0,41352191.22,17.193
2014-10-01,60 months,44,12210,240515925.0,41656538.94,17.32
2014-10-01,60 months,45,12210,240515925.0,41839942.4,17.396
2014-10-01,60 months,46,12210,240515925.0,42210166.34,17.55
2014-10-01,60 months,47,12210,240515925.0,42440722.58,17.646
2014-10-01,60 months,48,12210,240515925.0,42615258.35,17.718
2014-10-01,60 months,49,12210,240515925.0,42844764.08,17.814
2014-10-01,60 months,50,12210,240515925.0,43050252.36,17.899
2014-10-01,60 months,51,12210,240515925.0,43190899.09,17.958
2014-10-01,60 months,52,12210,240515925.0,43312461.13,18.008
2014-10-01,60 months,53,12210,240515925.0,43734522.11,18.184
2014-11-01,36 months,0,16573,203657150.0,0.0,0.0
2014-11-01,36 months,1,16573,203657150.0,0.0,0.0
2014-11-01,36 months,2,16573,203657150.0,0.0,0.0
2014-11-01,36 months,3,16573,203657150.0,0.0,0.0
2014-11-01,36 months,4,16573,203657150.0,0.0,0.0
2014-11-01,36 months,5,16573,203657150.0,99925.0,0.049
2014-11-01,36 months,6,16573,203657150.0,232782.74,0.114
2014-11-01,36 months,7,16573,203657150.0,542147.41,0.266
2014-11-01,36 months,8,16573,203657150.0,1115916.03,0.548
2014-11-01,36 months,9,16573,203657150.0,1596568.99,0.784
2014-11-01,36 months,10,16573,203657150.0,2259752.3,1.11
2014-11-01,36 months,11,16573,203657150.0,3020886.23,1.483
2014-11-01,36 months,12,16573,203657150.0,3811041.94,1.871
2014-11-01,36 months,13,16573,203657150.0,4668333.07,2.292
2014-11-01,36 months,14,16573,203657150.0,5439246.32,2.671
2014-11-01,36 months,15,16573,203657150.0,6391493.84,3.138
2014-11-01,36 months,16,16573,203657150.0,7216566.19,3.543
2014-11-01,36 months,17,16573,203657150.0,7905083.02,3.882
2014-11-01,36 months,18,16573,203657150.0,8593451.75,4.22
2014-11-01,36 months,19,16573,203657150.0,9308473.83,4.571
2014-11-01,36 months,20,16573,203657150.0,9826099.25,4.825
2014-11-01,36 months,21,16573,203657150.0,10543873.09,5.177
2014-11-01,36 months,22,16573,203657150.0,11133050.97,5.467
2014-11-01,36 months,23,16573,203657150.0,11756711.67,5.773
2014-11-01,36 months,24,16573,203657150.0,12436902.97,6.107
2014-11-01,36 months,25,16573,203657150.0,12989850.94,6.378
2014-11-01,36 months,26,16573,203657150.0,13492794.59,6.625
2014-11-01,36 months,27,16573,203657150.0,13958057.02,6.854
2014-11-01,36 months,28,16573,203657150.0,14426309.35,7.084
2014-11-01,36 months,29,16573,203657150.0,14766981.08,7.251
2014-11-01,36 months,30,16573,203657150.0,15109544.68,7.419
2014-11-01,36 months,31,16573,203657150.0,15354743.44,7.54
2014-11-01,36 months,32,16573,203657150.0,15567424.28,7.644
2014-11-01,36 months,33,16573,203657150.0,15808203.82,7.762
2014-11-01,36 months,34,16573,203657150.0,15905706.67,7.81
2014-11-01,36 months,35,16573,203657150.0,16012274.51,7.862
2014-11-01,36 months,36,16573,203657150.0,16081445.54,7.896
2014-11-01,36 months,37,16573,203657150.0,16130067.36,7.92
2014-11-01,36 months,38,16573,203657150.0,16202392.01,7.956
2014-11-01,36 months,39,16573,203657150.0,16239595.42,7.974
2014-11-01,36 months,40,16573,203657150.0,16259796.91,7.984
2014-11-01,36 months,41,16573,203657150.0,16276717.82,7.992
2014-11-01,36 months,42,16573,203657150.0,16282890.25,7.995
2014-11-01,36 months,43,16573,203657150.0,16296844.76,8.002
2014-11-01,36 months,44,16573,203657150.0,16298022.67,8.003
2014-11-01,36 months,45,16573,203657150.0,16298595.63,8.003
2014-11-01,36 months,46,16573,203657150.0,16298595.63,8.003
2014-11-01,36 months,47,16573,203657150.0,16298595.63,8.003
2014-11-01,36 months,48,16573,203657150.0,16298595.63,8.003
2014-11-01,36 months,49,16573,203657150.0,16298595.63,8.003
2014-11-01,36 months,50,16573,203657150.0,16298595.63,8.003
2014-11-01,36 months,51,16573,203657150.0,16298595.63,8.003
2014-11-01,36 months,52,16573,203657150.0,16298595.63,8.003
2014-11-01,60 months,0,8481,169809500.0,0.0,0.0
2014-11-01,60 months,1,8481,169809500.0,0.0,0.0
2014-11-01,60 months,2,8481,169809500.0,0.0,0.0
2014-11-01,60 months,3,8481,169809500.0,0.0,0.0
2014-11-01,60 months,4,8481,169809500.0,0.0,0.0
2014-11-01,60 months,5,8481,169809500.0,84000.0,0.049
2014-11-01,60 months,6,8481,169809500.0,273639.26,0.161
2014-11-01,60 months,7,8481,169809500.0,598979.21,0.353
2014-11-01,60 months,8,8481,169809500.0,994596.17,0.586
2014-11-01,60 months,9,8481,169809500.0,1616935.76,0.952
2014-11-01,60 months,10,8481,169809500.0,2398537.32,1.412
2014-11-01,60 months,11,8481,169809500.0,3069906.94,1.808
2014-11-01,60 months,12,8481,169809500.0,3998822.7,2.355
2014-11-01,60 months,13,8481,169809500.0,5183348.1,3.052
2014-11-01,60 months,14,8481,169809500.0,6369021.06,3.751
2014-11-01,60 months,15,8481,169809500.0,7387138.79,4.35
2014-11-01,60 months,16,8481,169809500.0,8489519.11,4.999
2014-11-01,60 months,17,8481,169809500.0,9661557.88,5.69
2014-11-01,60 months,18,8481,169809500.0,10723961.49,6.315
2014-11-01,60 months,19,8481,169809500.0,11823390.19,6.963
2014-11-01,60 months,20,8481,169809500.0,12645711.34,7.447
2014-11-01,60 months,21,8481,169809500.0,13662848.39,8.046
2014-11-01,60 months,22,8481,169809500.0,14716940.01,8.667
2014-11-01,60 months,23,8481,169809500.0,15549200.92,9.157
2014-11-01,60 months,24,8481,169809500.0,16462095.22,9.694
2014-11-01,60 months,25,8481,169809500.0,17530764.49,10.324
2014-11-01,60 months,26,8481,169809500.0,18574737.1,10.939
2014-11-01,60 months,27,8481,169809500.0,19489742.17,11.477
2014-11-01,60 months,28,8481,169809500.0,20284633.65,11.946
2014-11-01,60 months,29,8481,169809500.0,20990493.61,12.361
2014-11-01,60 months,30,8481,169809500.0,21649627.75,12.749
2014-11-01,60 months,31,8481,169809500.0,22322582.29,13.146
2014-11-01,60 months,32,8481,169809500.0,22873266.89,13.47
2014-11-01,60 months,33,8481,169809500.0,23613437.32,13.906
2014-11-01,60 months,34,8481,169809500.0,23994927.74,14.13
2014-11-01,60 months,35,8481,169809500.0,24428974.95,14.386
2014-11-01,60 months,36,8481,169809500.0,24797513.94,14.603
2014-11-01,60 months,37,8481,169809500.0,25394078.58,14.954
2014-11-01,60 months,38,8481,169809500.0,25857070.78,15.227
2014-11-01,60 months,39,8481,169809500.0,26201755.44,15.43
2014-11-01,60 months,40,8481,169809500.0,26603088.63,15.666
2014-11-01,60 months,41,8481,169809500.0,26858044.84,15.817
2014-11-01,60 months,42,8481,169809500.0,27105150.22,15.962
2014-11-01,60 months,43,8481,169809500.0,27297909.84,16.076
2014-11-01,60 months,44,8481,169809500.0,27504923.41,16.198
2014-11-01,60 months,45,8481,169809500.0,27750894.72,16.342
2014-11-01,60 months,46,8481,169809500.0,27896437.07,16.428
2014-11-01,60 months,47,8481,169809500.0,28085110.16,16.539
2014-11-01,60 months,48,8481,169809500.0,28231203.8,16.625
2014-11-01,60 months,49,8481,169809500.0,28465195.84,16.763
2014-11-01,60 months,50,8481,169809500.0,28647678.29,16.87
2014-11-01,60 months,51,8481,169809500.0,28797849.37,16.959
2014-11-01,60 months,52,8481,169809500.0,29142446.46,17.162
2014-12-01,36 months,0,6874,87012275.0,0.0,0.0
2014-12-01,36 months,1,6874,87012275.0,0.0,0.0
2014-12-01,36 months,2,6874,87012275.0,0.0,0.0
2014-12-01,36 months,3,6874,87012275.0,0.0,0.0
2014-12-01,36 months,4,6874,87012275.0,0.0,0.0
2014-12-01,36 months,5,6874,87012275.0,7000.0,0.008
2014-12-01,36 months,6,6874,87012275.0,176220.76,0.203
2014-12-01,36 months,7,6874,87012275.0,288420.25,0.331
2014-12-01,36 months,8,6874,87012275.0,527975.84,0.607
2014-12-01,36 months,9,6874,87012275.0,817488.3,0.94
2014-12-01,36 months,10,6874,87012275.0,1076150.08,1.237
2014-12-01,36 months,11,6874,87012275.0,1424391.81,1.637
2014-12-01,36 months,12,6874,87012275.0,1726168.91,1.984
2014-12-01,36 months,13,6874,87012275.0,2063764.63,2.372
2014-12-01,36 months,14,6874,87012275.0,2417142.44,2.778
2014-12-01,36 months,15,6874,87012275.0,2821381.17,3.243
2014-12-01,36 months,16,6874,87012275.0,3176854.6,3.651
2014-12-01,36 months,17,6874,87012275.0,3306864.06,3.8
2014-12-01,36 months,18,6874,87012275.0,3605671.66,4.144
2014-12-01,36 months,19,6874,87012275.0,3931059.42,4.518
2014-12-01,36 months,20,6874,87012275.0,4228411.61,4.86
2014-12-01,36 months,21,6874,87012275.0,4453656.05,5.118
2014-12-01,36 months,22,6874,87012275.0,4665542.56,5.362
2014-12-01,36 months,23,6874,87012275.0,4868593.9,5.595
2014-12-01,36 months,24,6874,87012275.0,5068484.35,5.825
2014-12-01,36 months,25,6874,87012275.0,5231159.73,6.012
2014-12-01,36 months,26,6874,87012275.0,5440777.38,6.253
2014-12-01,36 months,27,6874,87012275.0,5580721.45,6.414
2014-12-01,36 months,28,6874,87012275.0,5763676.63,6.624
2014-12-01,36 months,29,6874,87012275.0,5874588.51,6.751
2014-12-01,36 months,30,6874,87012275.0,5962196.2,6.852
2014-12-01,36 months,31,6874,87012275.0,6030523.25,6.931
2014-12-01,36 months,32,6874,87012275.0,6148617.39,7.066
2014-12-01,36 months,33,6874,87012275.0,6224475.22,7.154
2014-12-01,36 months,34,6874,87012275.0,6321843.44,7.265
2014-12-01,36 months,35,6874,87012275.0,6368358.27,7.319
2014-12-01,36 months,36,6874,87012275.0,6429605.85,7.389
2014-12-01,36 months,37,6874,87012275.0,6442822.41,7.404
2014-12-01,36 months,38,6874,87012275.0,6458399.37,7.422
2014-12-01,36 months,39,6874,87012275.0,6484664.23,7.453
2014-12-01,36 months,40,6874,87012275.0,6494990.04,7.464
2014-12-01,36 months,41,6874,87012275.0,6495799.59,7.465
2014-12-01,36 months,42,6874,87012275.0,6500166.33,7.47
2014-12-01,36 months,43,6874,87012275.0,6502660.52,7.473
2014-12-01,36 months,44,6874,87012275.0,6505863.91,7.477
2014-12-01,36 months,45,6874,87012275.0,6505863.91,7.477
2014-12-01,36 months,46,6874,87012275.0,6505863.91,7.477
2014-12-01,36 months,47,6874,87012275.0,6505863.91,7.477
2014-12-01,36 months,48,6874,87012275.0,6505863.91,7.477
2014-12-01,36 months,49,6874,87012275.0,6505863.91,7.477
2014-12-01,36 months,50,6874,87012275.0,6505863.91,7.477
2014-12-01,36 months,51,6874,87012275.0,6505863.91,7.477
2014-12-01,60 months,0,3433,71379300.0,0.0,0.0
2014-12-01,60 months,1,3433,71379300.0,0.0,0.0
2014-12-01,60 months,2,3433,71379300.0,0.0,0.0
2014-12-01,60 months,3,3433,71379300.0,0.0,0.0
2014-12-01,60 months,4,3433,71379300.0,0.0,0.0
2014-12-01,60 months,5,3433,71379300.0,97225.0,0.136
2014-12-01,60 months,6,3433,71379300.0,158646.9,0.222
2014-12-01,60 months,7,3433,71379300.0,379917.07,0.532
2014-12-01,60 months,8,3433,71379300.0,522341.37,0.732
2014-12-01,60 months,9,3433,71379300.0,664785.73,0.931
2014-12-01,60 months,10,3433,71379300.0,987238.14,1.383
2014-12-01,60 months,11,3433,71379300.0,1471331.68,2.061
2014-12-01,60 months,12,3433,71379300.0,1754986.09,2.459
2014-12-01,60 months,13,3433,71379300.0,2048551.86,2.87
2014-12-01,60 months,14,3433,71379300.0,2567743.78,3.597
2014-12-01,60 months,15,3433,71379300.0,2848363.96,3.99
2014-12-01,60 months,16,3433,71379300.0,3201892.22,4.486
2014-12-01,60 months,17,3433,71379300.0,3547403.8,4.97
2014-12-01,60 months,18,3433,71379300.0,3780486.79,5.296
2014-12-01,60 months,19,3433,71379300.0,4161606.36,5.83
2014-12-01,60 months,20,3433,71379300.0,4422690.94,6.196
2014-12-01,60 months,21,3433,71379300.0,4864094.89,6.814
2014-12-01,60 months,22,3433,71379300.0,5331232.12,7.469
2014-12-01,60 months,23,3433,71379300.0,5723180.53,8.018
2014-12-01,60 months,24,3433,71379300.0,6256757.59,8.766
2014-12-01,60 months,25,3433,71379300.0,6646649.65,9.312
2014-12-01,60 months,26,3433,71379300.0,7059664.29,9.89
2014-12-01,60 months,27,3433,71379300.0,7364208.52,10.317
2014-12-01,60 months,28,3433,71379300.0,7604140.39,10.653
2014-12-01,60 months,29,3433,71379300.0,7838321.46,10.981
2014-12-01,60 months,30,3433,71379300.0,8162623.29,11.436
2014-12-01,60 months,31,3433,71379300.0,8404643.76,11.775
2014-12-01,60 months,32,3433,71379300.0,8580069.32,12.02
2014-12-01,60 months,33,3433,71379300.0,8763193.49,12.277
2014-12-01,60 months,34,3433,71379300.0,9049975.69,12.679
2014-12-01,60 months,35,3433,71379300.0,9254532.51,12.965
2014-12-01,60 months,36,3433,71379300.0,9465262.81,13.261
2014-12-01,60 months,37,3433,71379300.0,9745380.65,13.653
2014-12-01,60 months,38,3433,71379300.0,9860016.28,13.814
2014-12-01,60 months,39,3433,71379300.0,10048219.52,14.077
2014-12-01,60 months,40,3433,71379300.0,10141237.9,14.208
2014-12-01,60 months,41,3433,71379300.0,10234546.8,14.338
2014-12-01,60 months,42,3433,71379300.0,10324738.04,14.465
2014-12-01,60 months,43,3433,71379300.0,10469875.18,14.668
2014-12-01,60 months,44,3433,71379300.0,10544923.56,14.773
2014-12-01,60 months,45,3433,71379300.0,10604326.67,14.856
2014-12-01,60 months,46,3433,71379300.0,10692275.2,14.98
2014-12-01,60 months,47,3433,71379300.0,10797188.26,15.126
2014-12-01,60 months,48,3433,71379300.0,10858810.93,15.213
2014-12-01,60 months,49,3433,71379300.0,10917707.17,15.295
2014-12-01,60 months,50,3433,71379300.0,10947255.24,15.337
2014-12-01,60 months,51,3433,71379300.0,11151383.18,15.623
2015-01-01,36 months,0,23632,301608175.0,0.0,0.0
2015-01-01,36 months,1,23632,301608175.0,0.0,0.0
2015-01-01,36 months,2,23632,301608175.0,0.0,0.0
2015-01-01,36 months,3,23632,301608175.0,0.0,0.0
2015-01-01,36 months,4,23632,301608175.0,0.0,0.0
2015-01-01,36 months,5,23632,301608175.0,175300.0,0.058
2015-01-01,36 months,6,23632,301608175.0,396991.6,0.132
2015-01-01,36 months,7,23632,301608175.0,1057889.87,0.351
2015-01-01,36 months,8,23632,301608175.0,1711389.14,0.567
2015-01-01,36 months,9,23632,301608175.0,2386920.57,0.791
2015-01-01,36 months,10,23632,301608175.0,3142414.25,1.042
2015-01-01,36 months,11,23632,301608175.0,4606489.62,1.527
2015-01-01,36 months,12,23632,301608175.0,5797344.93,1.922
2015-01-01,36 months,13,23632,301608175.0,7026977.38,2.33
2015-01-01,36 months,14,23632,301608175.0,8254551.03,2.737
2015-01-01,36 months,15,23632,301608175.0,9340483.32,3.097
2015-01-01,36 months,16,23632,301608175.0,10509657.28,3.485
2015-01-01,36 months,17,23632,301608175.0,11538049.69,3.826
2015-01-01,36 months,18,23632,301608175.0,12575827.97,4.17
2015-01-01,36 months,19,23632,301608175.0,14010303.4,4.645
2015-01-01,36 months,20,23632,301608175.0,15038903.78,4.986
2015-01-01,36 months,21,23632,301608175.0,16045073.75,5.32
2015-01-01,36 months,22,23632,301608175.0,17143972.42,5.684
2015-01-01,36 months,23,23632,301608175.0,18292388.89,6.065
2015-01-01,36 months,24,23632,301608175.0,19247110.39,6.381
2015-01-01,36 months,25,23632,301608175.0,20205024.28,6.699
2015-01-01,36 months,26,23632,301608175.0,20870648.16,6.92
2015-01-01,36 months,27,23632,301608175.0,21472364.88,7.119
2015-01-01,36 months,28,23632,301608175.0,22162411.39,7.348
2015-01-01,36 months,29,23632,301608175.0,22599405.37,7.493
2015-01-01,36 months,30,23632,301608175.0,22969674.99,7.616
2015-01-01,36 months,31,23632,301608175.0,23404086.43,7.76
2015-01-01,36 months,32,23632,301608175.0,23706887.11,7.86
2015-01-01,36 months,33,23632,301608175.0,23985257.89,7.952
2015-01-01,36 months,34,23632,301608175.0,24188682.26,8.02
2015-01-01,36 months,35,23632,301608175.0,24388773.22,8.086
2015-01-01,36 months,36,23632,301608175.0,24557520.11,8.142
2015-01-01,36 months,37,23632,301608175.0,24654493.21,8.174
2015-01-01,36 months,38,23632,301608175.0,24764575.07,8.211
2015-01-01,36 months,39,23632,301608175.0,24821696.81,8.23
2015-01-01,36 months,40,23632,301608175.0,24847122.22,8.238
2015-01-01,36 months,41,23632,301608175.0,24874540.26,8.247
2015-01-01,36 months,42,23632,301608175.0,24891235.22,8.253
2015-01-01,36 months,43,23632,301608175.0,24904465.82,8.257
2015-01-01,36 months,44,23632,301608175.0,24918402.41,8.262
2015-01-01,36 months,45,23632,301608175.0,24922960.51,8.263
2015-01-01,36 months,46,23632,301608175.0,24923201.64,8.263
2015-01-01,36 months,47,23632,301608175.0,24923201.64,8.263
2015-01-01,36 months,48,23632,301608175.0,24923201.64,8.263
2015-01-01,36 months,49,23632,301608175.0,24923201.64,8.263
2015-01-01,36 months,50,23632,301608175.0,24923201.64,8.263
2015-01-01,60 months,0,11475,231524400.0,0.0,0.0
2015-01-01,60 months,1,11475,231524400.0,0.0,0.0
2015-01-01,60 months,2,11475,231524400.0,0.0,0.0
2015-01-01,60 months,3,11475,231524400.0,0.0,0.0
2015-01-01,60 months,4,11475,231524400.0,0.0,0.0
2015-01-01,60 months,5,11475,231524400.0,160125.0,0.069
2015-01-01,60 months,6,11475,231524400.0,460828.66,0.199
2015-01-01,60 months,7,11475,231524400.0,919910.7,0.397
2015-01-01,60 months,8,11475,231524400.0,1724378.31,0.745
2015-01-01,60 months,9,11475,231524400.0,2969680.46,1.283
2015-01-01,60 months,10,11475,231524400.0,4027960.39,1.74
2015-01-01,60 months,11,11475,231524400.0,5715175.25,2.468
2015-01-01,60 months,12,11475,231524400.0,7245885.92,3.13
2015-01-01,60 months,13,11475,231524400.0,8767835.67,3.787
2015-01-01,60 months,14,11475,231524400.0,10560821.94,4.561
2015-01-01,60 months,15,11475,231524400.0,12031985.89,5.197
2015-01-01,60 months,16,11475,231524400.0,13605872.83,5.877
2015-01-01,60 months,17,11475,231524400.0,15163448.4,6.549
2015-01-01,60 months,18,11475,231524400.0,16685961.52,7.207
2015-01-01,60 months,19,11475,231524400.0,18241645.32,7.879
2015-01-01,60 months,20,11475,231524400.0,19774722.74,8.541
2015-01-01,60 months,21,11475,231524400.0,21232497.62,9.171
2015-01-01,60 months,22,11475,231524400.0,22954502.56,9.915
2015-01-01,60 months,23,11475,231524400.0,24123470.37,10.419
2015-01-01,60 months,24,11475,231524400.0,25672497.17,11.088
2015-01-01,60 months,25,11475,231524400.0,27012596.08,11.667
2015-01-01,60 months,26,11475,231524400.0,28255605.65,12.204
2015-01-01,60 months,27,11475,231524400.0,29394428.0,12.696
2015-01-01,60 months,28,11475,231524400.0,30433719.71,13.145
2015-01-01,60 months,29,11475,231524400.0,31433738.41,13.577
2015-01-01,60 months,30,11475,231524400.0,32230066.81,13.921
2015-01-01,60 months,31,11475,231524400.0,33245302.35,14.359
2015-01-01,60 months,32,11475,231524400.0,34056654.23,14.71
2015-01-01,60 months,33,11475,231524400.0,35049920.07,15.139
2015-01-01,60 months,34,11475,231524400.0,35768297.79,15.449
2015-01-01,60 months,35,11475,231524400.0,36536352.63,15.781
2015-01-01,60 months,36,11475,231524400.0,37206729.22,16.07
2015-01-01,60 months,37,11475,231524400.0,37844581.68,16.346
2015-01-01,60 months,38,11475,231524400.0,38444975.42,16.605
2015-01-01,60 months,39,11475,231524400.0,39037045.69,16.861
2015-01-01,60 months,40,11475,231524400.0,39539972.34,17.078
2015-01-01,60 months,41,11475,231524400.0,40086142.48,17.314
2015-01-01,60 months,42,11475,231524400.0,40371868.59,17.437
2015-01-01,60 months,43,11475,231524400.0,40755544.61,17.603
2015-01-01,60 months,44,11475,231524400.0,41045771.41,17.728
2015-01-01,60 months,45,11475,231524400.0,41313865.46,17.844
2015-01-01,60 months,46,11475,231524400.0,41650042.81,17.989
2015-01-01,60 months,47,11475,231524400.0,41910784.77,18.102
2015-01-01,60 months,48,11475,231524400.0,42129838.2,18.197
2015-01-01,60 months,49,11475,231524400.0,42341985.08,18.288
2015-01-01,60 months,50,11475,231524400.0,42794512.49,18.484
2015-02-01,36 months,0,16023,208632100.0,0.0,0.0
2015-02-01,36 months,1,16023,208632100.0,0.0,0.0
2015-02-01,36 months,2,16023,208632100.0,0.0,0.0
2015-02-01,36 months,3,16023,208632100.0,0.0,0.0
2015-02-01,36 months,4,16023,208632100.0,0.0,0.0
2015-02-01,36 months,5,16023,208632100.0,38200.0,0.018
2015-02-01,36 months,6,16023,208632100.0,244787.93,0.117
2015-02-01,36 months,7,16023,208632100.0,594992.81,0.285
2015-02-01,36 months,8,16023,208632100.0,1064821.31,0.51
2015-02-01,36 months,9,16023,208632100.0,1637865.58,0.785
2015-02-01,36 months,10,16023,208632100.0,2410957.05,1.156
2015-02-01,36 months,11,16023,208632100.0,3238841.71,1.552
2015-02-01,36 months,12,16023,208632100.0,4245464.62,2.035
2015-02-01,36 months,13,16023,208632100.0,5354937.3,2.567
2015-02-01,36 months,14,16023,208632100.0,6027644.46,2.889
2015-02-01,36 months,15,16023,208632100.0,6775734.21,3.248
2015-02-01,36 months,16,16023,208632100.0,7375794.74,3.535
2015-02-01,36 months,17,16023,208632100.0,8144656.43,3.904
2015-02-01,36 months,18,16023,208632100.0,9136356.84,4.379
2015-02-01,36 months,19,16023,208632100.0,9750660.09,4.674
2015-02-01,36 months,20,16023,208632100.0,10441080.01,5.005
2015-02-01,36 months,21,16023,208632100.0,11252830.08,5.394
2015-02-01,36 months,22,16023,208632100.0,11889704.99,5.699
2015-02-01,36 months,23,16023,208632100.0,12630136.43,6.054
2015-02-01,36 months,24,16023,208632100.0,13149754.28,6.303
2015-02-01,36 months,25,16023,208632100.0,13614532.17,6.526
2015-02-01,36 months,26,16023,208632100.0,14026042.18,6.723
2015-02-01,36 months,27,16023,208632100.0,14410301.6,6.907
2015-02-01,36 months,28,16023,208632100.0,14776048.18,7.082
2015-02-01,36 months,29,16023,208632100.0,15061952.17,7.219
2015-02-01,36 months,30,16023,208632100.0,15432299.48,7.397
2015-02-01,36 months,31,16023,208632100.0,15646495.5,7.5
2015-02-01,36 months,32,16023,208632100.0,15863333.55,7.603
2015-02-01,36 months,33,16023,208632100.0,16048900.23,7.692
2015-02-01,36 months,34,16023,208632100.0,16204478.84,7.767
2015-02-01,36 months,35,16023,208632100.0,16339891.65,7.832
2015-02-01,36 months,36,16023,208632100.0,16439978.8,7.88
2015-02-01,36 months,37,16023,208632100.0,16510017.37,7.913
2015-02-01,36 months,38,16023,208632100.0,16570425.53,7.942
2015-02-01,36 months,39,16023,208632100.0,16596945.8,7.955
2015-02-01,36 months,40,16023,208632100.0,16614642.8,7.964
2015-02-01,36 months,41,16023,208632100.0,16631265.27,7.972
2015-02-01,36 months,42,16023,208632100.0,16635251.85,7.973
2015-02-01,36 months,43,16023,208632100.0,16635843.39,7.974
2015-02-01,36 months,44,16023,208632100.0,16637555.75,7.975
2015-02-01,36 months,45,16023,208632100.0,16637555.75,7.975
2015-02-01,36 months,46,16023,208632100.0,16637555.75,7.975
2015-02-01,36 months,47,16023,208632100.0,16637555.75,7.975
2015-02-01,36 months,48,16023,208632100.0,16637555.75,7.975
2015-02-01,36 months,49,16023,208632100.0,16637555.75,7.975
2015-02-01,60 months,0,7747,158276425.0,0.0,0.0
2015-02-01,60 months,1,7747,158276425.0,0.0,0.0
2015-02-01,60 months,2,7747,158276425.0,0.0,0.0
2015-02-01,60 months,3,7747,158276425.0,0.0,0.0
2015-02-01,60 months,4,7747,158276425.0,0.0,0.0
2015-02-01,60 months,5,7747,158276425.0,125750.0,0.079
2015-02-01,60 months,6,7747,158276425.0,301813.43,0.191
2015-02-01,60 months,7,7747,158276425.0,666388.74,0.421
2015-02-01,60 months,8,7747,158276425.0,1301761.25,0.822
2015-02-01,60 months,9,7747,158276425.0,2051216.27,1.296
2015-02-01,60 months,10,7747,158276425.0,3144419.18,1.987
2015-02-01,60 months,11,7747,158276425.0,3925879.75,2.48
2015-02-01,60 months,12,7747,158276425.0,4927416.17,3.113
2015-02-01,60 months,13,7747,158276425.0,6067666.2,3.834
2015-02-01,60 months,14,7747,158276425.0,6951712.26,4.392
2015-02-01,60 months,15,7747,158276425.0,7873374.34,4.974
2015-02-01,60 months,16,7747,158276425.0,8795055.16,5.557
2015-02-01,60 months,17,7747,158276425.0,9762072.14,6.168
2015-02-01,60 months,18,7747,158276425.0,10782386.09,6.812
2015-02-01,60 months,19,7747,158276425.0,11789549.84,7.449
2015-02-01,60 months,20,7747,158276425.0,12735512.52,8.046
2015-02-01,60 months,21,7747,158276425.0,13692062.12,8.651
2015-02-01,60 months,22,7747,158276425.0,14831713.11,9.371
2015-02-01,60 months,23,7747,158276425.0,16037312.1,10.132
2015-02-01,60 months,24,7747,158276425.0,17234186.58,10.889
2015-02-01,60 months,25,7747,158276425.0,18028613.87,11.391
2015-02-01,60 months,26,7747,158276425.0,18778995.11,11.865
2015-02-01,60 months,27,7747,158276425.0,19570296.01,12.365
2015-02-01,60 months,28,7747,158276425.0,20255285.72,12.797
2015-02-01,60 months,29,7747,158276425.0,20778323.36,13.128
2015-02-01,60 months,30,7747,158276425.0,21598179.5,13.646
2015-02-01,60 months,31,7747,158276425.0,22245633.82,14.055
2015-02-01,60 months,32,7747,158276425.0,22833383.76,14.426
2015-02-01,60 months,33,7747,158276425.0,23426156.57,14.801
2015-02-01,60 months,34,7747,158276425.0,24090318.79,15.22
2015-02-01,60 months,35,7747,158276425.0,24575007.03,15.527
2015-02-01,60 months,36,7747,158276425.0,25033966.55,15.817
2015-02-01,60 months,37,7747,158276425.0,25385700.57,16.039
2015-02-01,60 months,38,7747,158276425.0,25853209.54,16.334
2015-02-01,60 months,39,7747,158276425.0,26121524.05,16.504
2015-02-01,60 months,40,7747,158276425.0,26479397.16,16.73
2015-02-01,60 months,41,7747,158276425.0,26708418.0,16.875
2015-02-01,60 months,42,7747,158276425.0,27017557.3,17.07
2015-02-01,60 months,43,7747,158276425.0,27240499.85,17.211
2015-02-01,60 months,44,7747,158276425.0,27480052.0,17.362
2015-02-01,60 months,45,7747,158276425.0,27612653.9,17.446
2015-02-01,60 months,46,7747,158276425.0,27789544.92,17.558
2015-02-01,60 months,47,7747,158276425.0,27968658.08,17.671
2015-02-01,60 months,48,7747,158276425.0,28085601.32,17.745
2015-02-01,60 months,49,7747,158276425.0,28309379.08,17.886
2015-03-01,36 months,0,16914,218631275.0,0.0,0.0
2015-03-01,36 months,1,16914,218631275.0,0.0,0.0
2015-03-01,36 months,2,16914,218631275.0,0.0,0.0
2015-03-01,36 months,3,16914,218631275.0,0.0,0.0
2015-03-01,36 months,4,16914,218631275.0,0.0,0.0
2015-03-01,36 months,5,16914,218631275.0,97150.0,0.044
2015-03-01,36 months,6,16914,218631275.0,350407.45,0.16
2015-03-01,36 months,7,16914,218631275.0,780295.54,0.357
2015-03-01,36 months,8,16914,218631275.0,1447439.57,0.662
2015-03-01,36 months,9,16914,218631275.0,2091391.77,0.957
2015-03-01,36 months,10,16914,218631275.0,2866069.62,1.311
2015-03-01,36 months,11,16914,218631275.0,3792412.1,1.735
2015-03-01,36 months,12,16914,218631275.0,4774783.66,2.184
2015-03-01,36 months,13,16914,218631275.0,5622303.54,2.572
2015-03-01,36 months,14,16914,218631275.0,6427510.59,2.94
2015-03-01,36 months,15,16914,218631275.0,7257313.24,3.319
2015-03-01,36 months,16,16914,218631275.0,8003967.4,3.661
2015-03-01,36 months,17,16914,218631275.0,9173217.41,4.196
2015-03-01,36 months,18,16914,218631275.0,9939724.12,4.546
2015-03-01,36 months,19,16914,218631275.0,10685011.34,4.887
2015-03-01,36 months,20,16914,218631275.0,11603191.64,5.307
2015-03-01,36 months,21,16914,218631275.0,12405718.76,5.674
2015-03-01,36 months,22,16914,218631275.0,13182717.38,6.03
2015-03-01,36 months,23,16914,218631275.0,14039111.97,6.421
2015-03-01,36 months,24,16914,218631275.0,14588800.48,6.673
2015-03-01,36 months,25,16914,218631275.0,15135866.41,6.923
2015-03-01,36 months,26,16914,218631275.0,15701192.96,7.182
2015-03-01,36 months,27,16914,218631275.0,16208600.04,7.414
2015-03-01,36 months,28,16914,218631275.0,16550710.98,7.57
2015-03-01,36 months,29,16914,218631275.0,17132938.0,7.836
2015-03-01,36 months,30,16914,218631275.0,17389114.05,7.954
2015-03-01,36 months,31,16914,218631275.0,17615125.71,8.057
2015-03-01,36 months,32,16914,218631275.0,17846592.44,8.163
2015-03-01,36 months,33,16914,218631275.0,18044998.97,8.254
2015-03-01,36 months,34,16914,218631275.0,18222334.37,8.335
2015-03-01,36 months,35,16914,218631275.0,18383756.86,8.409
2015-03-01,36 months,36,16914,218631275.0,18496496.9,8.46
2015-03-01,36 months,37,16914,218631275.0,18560974.48,8.49
2015-03-01,36 months,38,16914,218631275.0,18620809.73,8.517
2015-03-01,36 months,39,16914,218631275.0,18660452.75,8.535
2015-03-01,36 months,40,16914,218631275.0,18688414.24,8.548
2015-03-01,36 months,41,16914,218631275.0,18703327.46,8.555
2015-03-01,36 months,42,16914,218631275.0,18709676.52,8.558
2015-03-01,36 months,43,16914,218631275.0,18713384.85,8.559
2015-03-01,36 months,44,16914,218631275.0,18715027.8,8.56
2015-03-01,36 months,45,16914,218631275.0,18715164.35,8.56
2015-03-01,36 months,46,16914,218631275.0,18715164.35,8.56
2015-03-01,36 months,47,16914,218631275.0,18715164.35,8.56
2015-03-01,36 months,48,16914,218631275.0,18715164.35,8.56
2015-03-01,60 months,0,8486,171372000.0,0.0,0.0
2015-03-01,60 months,1,8486,171372000.0,0.0,0.0
2015-03-01,60 months,2,8486,171372000.0,0.0,0.0
2015-03-01,60 months,3,8486,171372000.0,0.0,0.0
2015-03-01,60 months,4,8486,171372000.0,0.0,0.0
2015-03-01,60 months,5,8486,171372000.0,91475.0,0.053
2015-03-01,60 months,6,8486,171372000.0,376295.32,0.22
2015-03-01,60 months,7,8486,171372000.0,782602.36,0.457
2015-03-01,60 months,8,8486,171372000.0,1575306.37,0.919
2015-03-01,60 months,9,8486,171372000.0,2425692.89,1.415
2015-03-01,60 months,10,8486,171372000.0,3498811.61,2.042
2015-03-01,60 months,11,8486,171372000.0,4573523.96,2.669
2015-03-01,60 months,12,8486,171372000.0,5873268.38,3.427
2015-03-01,60 months,13,8486,171372000.0,6803839.91,3.97
2015-03-01,60 months,14,8486,171372000.0,7962580.34,4.646
2015-03-01,60 months,15,8486,171372000.0,9298220.15,5.426
2015-03-01,60 months,16,8486,171372000.0,10350012.19,6.04
2015-03-01,60 months,17,8486,171372000.0,11424560.77,6.667
2015-03-01,60 months,18,8486,171372000.0,12463452.34,7.273
2015-03-01,60 months,19,8486,171372000.0,13786006.58,8.044
2015-03-01,60 months,20,8486,171372000.0,14990305.36,8.747
2015-03-01,60 months,21,8486,171372000.0,16562834.94,9.665
2015-03-01,60 months,22,8486,171372000.0,17519956.48,10.223
2015-03-01,60 months,23,8486,171372000.0,18904561.67,11.031
2015-03-01,60 months,24,8486,171372000.0,19651676.24,11.467
2015-03-01,60 months,25,8486,171372000.0,20195899.28,11.785
2015-03-01,60 months,26,8486,171372000.0,20925299.61,12.21
2015-03-01,60 months,27,8486,171372000.0,21822317.82,12.734
2015-03-01,60 months,28,8486,171372000.0,22525348.69,13.144
2015-03-01,60 months,29,8486,171372000.0,23539709.34,13.736
2015-03-01,60 months,30,8486,171372000.0,24236010.05,14.142
2015-03-01,60 months,31,8486,171372000.0,24985568.59,14.58
2015-03-01,60 months,32,8486,171372000.0,25576232.45,14.924
2015-03-01,60 months,33,8486,171372000.0,26197053.64,15.287
2015-03-01,60 months,34,8486,171372000.0,26754223.76,15.612
2015-03-01,60 months,35,8486,171372000.0,27159588.37,15.848
2015-03-01,60 months,36,8486,171372000.0,27591031.18,16.1
2015-03-01,60 months,37,8486,171372000.0,28037371.68,16.361
2015-03-01,60 months,38,8486,171372000.0,28549361.19,16.659
2015-03-01,60 months,39,8486,171372000.0,28964394.3,16.901
2015-03-01,60 months,40,8486,171372000.0,29289062.35,17.091
2015-03-01,60 months,41,8486,171372000.0,29632425.77,17.291
2015-03-01,60 months,42,8486,171372000.0,29924076.66,17.461
2015-03-01,60 months,43,8486,171372000.0,30184871.21,17.614
2015-03-01,60 months,44,8486,171372000.0,30635780.25,17.877
2015-03-01,60 months,45,8486,171372000.0,30872235.88,18.015
2015-03-01,60 months,46,8486,171372000.0,31041886.09,18.114
2015-03-01,60 months,47,8486,171372000.0,31255214.5,18.238
2015-03-01,60 months,48,8486,171372000.0,31838443.85,18.579
2015-04-01,36 months,0,23619,300046975.0,0.0,0.0
2015-04-01,36 months,1,23619,300046975.0,0.0,0.0
2015-04-01,36 months,2,23619,300046975.0,0.0,0.0
2015-04-01,36 months,3,23619,300046975.0,0.0,0.0
2015-04-01,36 months,4,23619,300046975.0,0.0,0.0
2015-04-01,36 months,5,23619,300046975.0,128025.0,0.043
2015-04-01,36 months,6,23619,300046975.0,408101.09,0.136
2015-04-01,36 months,7,23619,300046975.0,771190.62,0.257
2015-04-01,36 months,8,23619,300046975.0,1695485.51,0.565
2015-04-01,36 months,9,23619,300046975.0,2595522.06,0.865
2015-04-01,36 months,10,23619,300046975.0,3664887.61,1.221
2015-04-01,36 months,11,23619,300046975.0,5150669.69,1.717
2015-04-01,36 months,12,23619,300046975.0,6128210.91,2.042
2015-04-01,36 months,13,23619,300046975.0,7355550.87,2.451
2015-04-01,36 months,14,23619,300046975.0,8273208.99,2.757
2015-04-01,36 months,15,23619,300046975.0,9580304.67,3.193
2015-04-01,36 months,16,23619,300046975.0,10937076.86,3.645
2015-04-01,36 months,17,23619,300046975.0,12258819.57,4.086
2015-04-01,36 months,18,23619,300046975.0,13661301.09,4.553
2015-04-01,36 months,19,23619,300046975.0,15097962.93,5.032
2015-04-01,36 months,20,23619,300046975.0,16424083.52,5.474
2015-04-01,36 months,21,23619,300046975.0,17677912.45,5.892
2015-04-01,36 months,22,23619,300046975.0,18841937.35,6.28
2015-04-01,36 months,23,23619,300046975.0,19824475.75,6.607
2015-04-01,36 months,24,23619,300046975.0,20758841.55,6.919
2015-04-01,36 months,25,23619,300046975.0,21502140.09,7.166
2015-04-01,36 months,26,23619,300046975.0,22171990.44,7.39
2015-04-01,36 months,27,23619,300046975.0,22705103.08,7.567
2015-04-01,36 months,28,23619,300046975.0,23530868.57,7.842
2015-04-01,36 months,29,23619,300046975.0,23929182.04,7.975
2015-04-01,36 months,30,23619,300046975.0,24397685.94,8.131
2015-04-01,36 months,31,23619,300046975.0,24765657.18,8.254
2015-04-01,36 months,32,23619,300046975.0,25081830.62,8.359
2015-04-01,36 months,33,23619,300046975.0,25358372.84,8.451
2015-04-01,36 months,34,23619,300046975.0,25548571.58,8.515
2015-04-01,36 months,35,23619,300046975.0,25781236.95,8.592
2015-04-01,36 months,36,23619,300046975.0,25946145.65,8.647
2015-04-01,36 months,37,23619,300046975.0,26083389.79,8.693
2015-04-01,36 months,38,23619,300046975.0,26193231.63,8.73
2015-04-01,36 months,39,23619,300046975.0,26256669.22,8.751
2015-04-01,36 months,40,23619,300046975.0,26320445.21,8.772
2015-04-01,36 months,41,23619,300046975.0,26350489.63,8.782
2015-04-01,36 months,42,23619,300046975.0,26369410.04,8.788
2015-04-01,36 months,43,23619,300046975.0,26379956.35,8.792
2015-04-01,36 months,44,23619,300046975.0,26386998.28,8.794
2015-04-01,36 months,45,23619,300046975.0,26404630.76,8.8
2015-04-01,36 months,46,23619,300046975.0,26404630.76,8.8
2015-04-01,36 months,47,23619,300046975.0,26406162.57,8.801
2015-04-01,60 months,0,11808,239354100.0,0.0,0.0
2015-04-01,60 months,1,11808,239354100.0,0.0,0.0
2015-04-01,60 months,2,11808,239354100.0,0.0,0.0
2015-04-01,60 months,3,11808,239354100.0,0.0,0.0
2015-04-01,60 months,4,11808,239354100.0,0.0,0.0
2015-04-01,60 months,5,11808,239354100.0,62650.0,0.026
2015-04-01,60 months,6,11808,239354100.0,455148.74,0.19
2015-04-01,60 months,7,11808,239354100.0,855626.61,0.357
2015-04-01,60 months,8,11808,239354100.0,1905477.87,0.796
2015-04-01,60 months,9,11808,239354100.0,3207457.61,1.34
2015-04-01,60 months,10,11808,239354100.0,4481752.38,1.872
2015-04-01,60 months,11,11808,239354100.0,5930459.39,2.478
2015-04-01,60 months,12,11808,239354100.0,7327643.07,3.061
2015-04-01,60 months,13,11808,239354100.0,8840968.34,3.694
2015-04-01,60 months,14,11808,239354100.0,10159861.28,4.245
2015-04-01,60 months,15,11808,239354100.0,11284065.33,4.714
2015-04-01,60 months,16,11808,239354100.0,13273401.76,5.546
2015-04-01,60 months,17,11808,239354100.0,14598591.39,6.099
2015-04-01,60 months,18,11808,239354100.0,16632673.18,6.949
2015-04-01,60 months,19,11808,239354100.0,18327971.95,7.657
2015-04-01,60 months,20,11808,239354100.0,20068984.2,8.385
2015-04-01,60 months,21,11808,239354100.0,21796477.77,9.106
2015-04-01,60 months,22,11808,239354100.0,23230984.85,9.706
2015-04-01,60 months,23,11808,239354100.0,24549094.37,10.256
2015-04-01,60 months,24,11808,239354100.0,26002372.96,10.864
2015-04-01,60 months,25,11808,239354100.0,26878265.94,11.229
2015-04-01,60 months,26,11808,239354100.0,27981537.43,11.69
2015-04-01,60 months,27,11808,239354100.0,29008309.14,12.119
2015-04-01,60 months,28,11808,239354100.0,30304938.25,12.661
2015-04-01,60 months,29,11808,239354100.0,31293509.07,13.074
2015-04-01,60 months,30,11808,239354100.0,32418652.4,13.544
2015-04-01,60 months,31,11808,239354100.0,33180696.15,13.863
2015-04-01,60 months,32,11808,239354100.0,33925287.77,14.174
2015-04-01,60 months,33,11808,239354100.0,34774956.95,14.529
2015-04-01,60 months,34,11808,239354100.0,35474843.27,14.821
2015-04-01,60 months,35,11808,239354100.0,36098201.52,15.082
2015-04-01,60 months,36,11808,239354100.0,36750831.74,15.354
2015-04-01,60 months,37,11808,239354100.0,37251831.19,15.563
2015-04-01,60 months,38,11808,239354100.0,37887946.27,15.829
2015-04-01,60 months,39,11808,239354100.0,38439421.9,16.06
2015-04-01,60 months,40,11808,239354100.0,38901421.79,16.253
2015-04-01,60 months,41,11808,239354100.0,39337462.05,16.435
2015-04-01,60 months,42,11808,239354100.0,39768859.57,16.615
2015-04-01,60 months,43,11808,239354100.0,40307297.36,16.84
2015-04-01,60 months,44,11808,239354100.0,40720687.64,17.013
2015-04-01,60 months,45,11808,239354100.0,41048937.17,17.15
2015-04-01,60 months,46,11808,239354100.0,41349870.44,17.276
2015-04-01,60 months,47,11808,239354100.0,42001883.57,17.548
2015-05-01,36 months,0,21539,274876150.0,0.0,0.0
2015-05-01,36 months,1,21539,274876150.0,0.0,0.0
2015-05-01,36 months,2,21539,274876150.0,0.0,0.0
2015-05-01,36 months,3,21539,274876150.0,0.0,0.0
2015-05-01,36 months,4,21539,274876150.0,0.0,0.0
2015-05-01,36 months,5,21539,274876150.0,299525.0,0.109
2015-05-01,36 months,6,21539,274876150.0,502868.67,0.183
2015-05-01,36 months,7,21539,274876150.0,995912.28,0.362
2015-05-01,36 months,8,21539,274876150.0,1793880.11,0.653
2015-05-01,36 months,9,21539,274876150.0,2670152.73,0.971
2015-05-01,36 months,10,21539,274876150.0,3873399.27,1.409
2015-05-01,36 months,11,21539,274876150.0,4860737.35,1.768
2015-05-01,36 months,12,21539,274876150.0,6086717.2,2.214
2015-05-01,36 months,13,21539,274876150.0,7292116.13,2.653
2015-05-01,36 months,14,21539,274876150.0,8325035.91,3.029
2015-05-01,36 months,15,21539,274876150.0,9838994.34,3.579
2015-05-01,36 months,16,21539,274876150.0,11112651.22,4.043
2015-05-01,36 months,17,21539,274876150.0,12323927.87,4.483
2015-05-01,36 months,18,21539,274876150.0,13557287.56,4.932
2015-05-01,36 months,19,21539,274876150.0,14612364.66,5.316
2015-05-01,36 months,20,21539,274876150.0,15704725.77,5.713
2015-05-01,36 months,21,21539,274876150.0,16854734.41,6.132
2015-05-01,36 months,22,21539,274876150.0,17700676.95,6.44
2015-05-01,36 months,23,21539,274876150.0,18497008.42,6.729
2015-05-01,36 months,24,21539,274876150.0,19305869.37,7.023
2015-05-01,36 months,25,21539,274876150.0,20097213.36,7.311
2015-05-01,36 months,26,21539,274876150.0,20586375.16,7.489
2015-05-01,36 months,27,21539,274876150.0,21113135.19,7.681
2015-05-01,36 months,28,21539,274876150.0,21595382.92,7.856
2015-05-01,36 months,29,21539,274876150.0,21975276.15,7.995
2015-05-01,36 months,30,21539,274876150.0,22437761.75,8.163
2015-05-01,36 months,31,21539,274876150.0,22787572.57,8.29
2015-05-01,36 months,32,21539,274876150.0,23082024.85,8.397
2015-05-01,36 months,33,21539,274876150.0,23356747.21,8.497
2015-05-01,36 months,34,21539,274876150.0,23614983.85,8.591
2015-05-01,36 months,35,21539,274876150.0,23773877.89,8.649
2015-05-01,36 months,36,21539,274876150.0,23901421.87,8.695
2015-05-01,36 months,37,21539,274876150.0,23994844.22,8.729
2015-05-01,36 months,38,21539,274876150.0,24060894.16,8.753
2015-05-01,36 months,39,21539,274876150.0,24132697.36,8.779
2015-05-01,36 months,40,21539,274876150.0,24186985.0,8.799
2015-05-01,36 months,41,21539,274876150.0,24208824.03,8.807
2015-05-01,36 months,42,21539,274876150.0,24233599.15,8.816
2015-05-01,36 months,43,21539,274876150.0,24241350.52,8.819
2015-05-01,36 months,44,21539,274876150.0,24244082.03,8.82
2015-05-01,36 months,45,21539,274876150.0,24246710.07,8.821
2015-05-01,36 months,46,21539,274876150.0,24246710.07,8.821
2015-05-01,60 months,0,10374,208313325.0,0.0,0.0
2015-05-01,60 months,1,10374,208313325.0,0.0,0.0
2015-05-01,60 months,2,10374,208313325.0,0.0,0.0
2015-05-01,60 months,3,10374,208313325.0,0.0,0.0
2015-05-01,60 months,4,10374,208313325.0,0.0,0.0
2015-05-01,60 months,5,10374,208313325.0,170150.0,0.082
2015-05-01,60 months,6,10374,208313325.0,265645.26,0.128
2015-05-01,60 months,7,10374,208313325.0,889948.08,0.427
2015-05-01,60 months,8,10374,208313325.0,1761164.0,0.845
2015-05-01,60 months,9,10374,208313325.0,2775388.79,1.332
2015-05-01,60 months,10,10374,208313325.0,4385857.97,2.105
2015-05-01,60 months,11,10374,208313325.0,5440057.39,2.611
2015-05-01,60 months,12,10374,208313325.0,7258785.82,3.485
2015-05-01,60 months,13,10374,208313325.0,8360983.04,4.014
2015-05-01,60 months,14,10374,208313325.0,9444577.67,4.534
2015-05-01,60 months,15,10374,208313325.0,11024262.87,5.292
2015-05-01,60 months,16,10374,208313325.0,12619998.75,6.058
2015-05-01,60 months,17,10374,208313325.0,14110820.05,6.774
2015-05-01,60 months,18,10374,208313325.0,15789653.91,7.58
2015-05-01,60 months,19,10374,208313325.0,17625161.19,8.461
2015-05-01,60 months,20,10374,208313325.0,19323804.08,9.276
2015-05-01,60 months,21,10374,208313325.0,20883426.95,10.025
2015-05-01,60 months,22,10374,208313325.0,22206015.63,10.66
2015-05-01,60 months,23,10374,208313325.0,23215594.28,11.145
2015-05-01,60 months,24,10374,208313325.0,24372136.63,11.7
2015-05-01,60 months,25,10374,208313325.0,25466355.69,12.225
2015-05-01,60 months,26,10374,208313325.0,26290470.02,12.621
2015-05-01,60 months,27,10374,208313325.0,27674885.76,13.285
2015-05-01,60 months,28,10374,208313325.0,28308319.12,13.589
2015-05-01,60 months,29,10374,208313325.0,29397756.21,14.112
2015-05-01,60 months,30,10374,208313325.0,30487072.37,14.635
2015-05-01,60 months,31,10374,208313325.0,31300894.8,15.026
2015-05-01,60 months,32,10374,208313325.0,32112907.22,15.416
2015-05-01,60 months,33,10374,208313325.0,32999436.32,15.841
2015-05-01,60 months,34,10374,208313325.0,33743572.26,16.198
2015-05-01,60 months,35,10374,208313325.0,34202563.98,16.419
2015-05-01,60 months,36,10374,208313325.0,34797996.66,16.705
2015-05-01,60 months,37,10374,208313325.0,35474235.43,17.029
2015-05-01,60 months,38,10374,208313325.0,35871362.22,17.22
2015-05-01,60 months,39,10374,208313325.0,36270902.1,17.412
2015-05-01,60 months,40,10374,208313325.0,36602421.35,17.571
2015-05-01,60 months,41,10374,208313325.0,36880137.84,17.704
2015-05-01,60 months,42,10374,208313325.0,37251806.66,17.883
2015-05-01,60 months,43,10374,208313325.0,37542790.26,18.022
2015-05-01,60 months,44,10374,208313325.0,37921274.87,18.204
2015-05-01,60 months,45,10374,208313325.0,38119193.09,18.299
2015-05-01,60 months,46,10374,208313325.0,38770215.53,18.611
2015-06-01,36 months,0,19064,240693200.0,0.0,0.0
2015-06-01,36 months,1,19064,240693200.0,0.0,0.0
2015-06-01,36 months,2,19064,240693200.0,0.0,0.0
2015-06-01,36 months,3,19064,240693200.0,0.0,0.0
2015-06-01,36 months,4,19064,240693200.0,0.0,0.0
2015-06-01,36 months,5,19064,240693200.0,143725.0,0.06
2015-06-01,36 months,6,19064,240693200.0,481946.36,0.2
2015-06-01,36 months,7,19064,240693200.0,988058.6,0.411
2015-06-01,36 months,8,19064,240693200.0,1657527.45,0.689
2015-06-01,36 months,9,19064,240693200.0,2606140.43,1.083
2015-06-01,36 months,10,19064,240693200.0,3393008.46,1.41
2015-06-01,36 months,11,19064,240693200.0,4375913.63,1.818
2015-06-01,36 months,12,19064,240693200.0,5176284.12,2.151
2015-06-01,36 months,13,19064,240693200.0,6299401.7,2.617
2015-06-01,36 months,14,19064,240693200.0,7418310.63,3.082
2015-06-01,36 months,15,19064,240693200.0,8583318.18,3.566
2015-06-01,36 months,16,19064,240693200.0,9519239.63,3.955
2015-06-01,36 months,17,19064,240693200.0,10745346.48,4.464
2015-06-01,36 months,18,19064,240693200.0,11821723.22,4.912
2015-06-01,36 months,19,19064,240693200.0,12967860.48,5.388
2015-06-01,36 months,20,19064,240693200.0,14009376.48,5.82
2015-06-01,36 months,21,19064,240693200.0,15007459.46,6.235
2015-06-01,36 months,22,19064,240693200.0,15738979.68,6.539
2015-06-01,36 months,23,19064,240693200.0,16415506.83,6.82
2015-06-01,36 months,24,19064,240693200.0,17166345.22,7.132
2015-06-01,36 months,25,19064,240693200.0,17661651.82,7.338
2015-06-01,36 months,26,19064,240693200.0,18179309.03,7.553
2015-06-01,36 months,27,19064,240693200.0,18655544.25,7.751
2015-06-01,36 months,28,19064,240693200.0,19067479.76,7.922
2015-06-01,36 months,29,19064,240693200.0,19387999.41,8.055
2015-06-01,36 months,30,19064,240693200.0,19734658.87,8.199
2015-06-01,36 months,31,19064,240693200.0,20067956.48,8.338
2015-06-01,36 months,32,19064,240693200.0,20372933.59,8.464
2015-06-01,36 months,33,19064,240693200.0,20670023.81,8.588
2015-06-01,36 months,34,19064,240693200.0,20858211.08,8.666
2015-06-01,36 months,35,19064,240693200.0,20989499.52,8.72
2015-06-01,36 months,36,19064,240693200.0,21109478.72,8.77
2015-06-01,36 months,37,19064,240693200.0,21181093.32,8.8
2015-06-01,36 months,38,19064,240693200.0,21263740.7,8.834
2015-06-01,36 months,39,19064,240693200.0,21324470.7,8.86
2015-06-01,36 months,40,19064,240693200.0,21365972.15,8.877
2015-06-01,36 months,41,19064,240693200.0,21401462.78,8.892
2015-06-01,36 months,42,19064,240693200.0,21413978.28,8.897
2015-06-01,36 months,43,19064,240693200.0,21415859.36,8.898
2015-06-01,36 months,44,19064,240693200.0,21420192.69,8.899
2015-06-01,36 months,45,19064,240693200.0,21421694.84,8.9
2015-06-01,60 months,0,9421,189083975.0,0.0,0.0
2015-06-01,60 months,1,9421,189083975.0,0.0,0.0
2015-06-01,60 months,2,9421,189083975.0,0.0,0.0
2015-06-01,60 months,3,9421,189083975.0,0.0,0.0
2015-06-01,60 months,4,9421,189083975.0,0.0,0.0
2015-06-01,60 months,5,9421,189083975.0,103200.0,0.055
2015-06-01,60 months,6,9421,189083975.0,347600.25,0.184
2015-06-01,60 months,7,9421,189083975.0,838620.12,0.444
2015-06-01,60 months,8,9421,189083975.0,1709496.12,0.904
2015-06-01,60 months,9,9421,189083975.0,2798702.53,1.48
2015-06-01,60 months,10,9421,189083975.0,3667399.45,1.94
2015-06-01,60 months,11,9421,189083975.0,4902745.61,2.593
2015-06-01,60 months,12,9421,189083975.0,6003016.18,3.175
2015-06-01,60 months,13,9421,189083975.0,7337516.35,3.881
2015-06-01,60 months,14,9421,189083975.0,8916112.97,4.715
2015-06-01,60 months,15,9421,189083975.0,10543369.38,5.576
2015-06-01,60 months,16,9421,189083975.0,11820789.64,6.252
2015-06-01,60 months,17,9421,189083975.0,13487009.06,7.133
2015-06-01,60 months,18,9421,189083975.0,15381127.7,8.135
2015-06-01,60 months,19,9421,189083975.0,16819788.86,8.895
2015-06-01,60 months,20,9421,189083975.0,18177068.64,9.613
2015-06-01,60 months,21,9421,189083975.0,19535718.71,10.332
2015-06-01,60 months,22,9421,189083975.0,20672008.78,10.933
2015-06-01,60 months,23,9421,189083975.0,21464974.57,11.352
2015-06-01,60 months,24,9421,189083975.0,22448091.43,11.872
2015-06-01,60 months,25,9421,189083975.0,23286475.12,12.315
2015-06-01,60 months,26,9421,189083975.0,24504905.68,12.96
2015-06-01,60 months,27,9421,189083975.0,25483998.63,13.478
2015-06-01,60 months,28,9421,189083975.0,26360519.72,13.941
2015-06-01,60 months,29,9421,189083975.0,27064742.92,14.314
2015-06-01,60 months,30,9421,189083975.0,27922791.19,14.767
2015-06-01,60 months,31,9421,189083975.0,28824289.68,15.244
2015-06-01,60 months,32,9421,189083975.0,29645313.6,15.678
2015-06-01,60 months,33,9421,189083975.0,30252196.74,15.999
2015-06-01,60 months,34,9421,189083975.0,30890468.46,16.337
2015-06-01,60 months,35,9421,189083975.0,31236814.86,16.52
2015-06-01,60 months,36,9421,189083975.0,31871422.83,16.856
2015-06-01,60 months,37,9421,189083975.0,32257197.57,17.06
2015-06-01,60 months,38,9421,189083975.0,32711285.99,17.3
2015-06-01,60 months,39,9421,189083975.0,33170429.4,17.543
2015-06-01,60 months,40,9421,189083975.0,33501711.13,17.718
2015-06-01,60 months,41,9421,189083975.0,33845027.06,17.899
2015-06-01,60 months,42,9421,189083975.0,34148613.95,18.06
2015-06-01,60 months,43,9421,189083975.0,34426043.75,18.207
2015-06-01,60 months,44,9421,189083975.0,34647425.5,18.324
2015-06-01,60 months,45,9421,189083975.0,35295153.73,18.666
2015-07-01,36 months,0,30866,392272050.0,0.0,0.0
2015-07-01,36 months,1,30866,392272050.0,0.0,0.0
2015-07-01,36 months,2,30866,392272050.0,0.0,0.0
2015-07-01,36 months,3,30866,392272050.0,0.0,0.0
2015-07-01,36 months,4,30866,392272050.0,0.0,0.0
2015-07-01,36 months,5,30866,392272050.0,230900.0,0.059
2015-07-01,36 months,6,30866,392272050.0,635965.09,0.162
2015-07-01,36 months,7,30866,392272050.0,1409819.77,0.359
2015-07-01,36 months,8,30866,392272050.0,2576204.74,0.657
2015-07-01,36 months,9,30866,392272050.0,3708068.33,0.945
2015-07-01,36 months,10,30866,392272050.0,5166375.81,1.317
2015-07-01,36 months,11,30866,392272050.0,6420101.26,1.637
2015-07-01,36 months,12,30866,392272050.0,7740715.08,1.973
2015-07-01,36 months,13,30866,392272050.0,9493171.93,2.42
2015-07-01,36 months,14,30866,392272050.0,10953089.65,2.792
2015-07-01,36 months,15,30866,392272050.0,12761842.83,3.253
2015-07-01,36 months,16,30866,392272050.0,14498243.54,3.696
2015-07-01,36 months,17,30866,392272050.0,16384488.98,4.177
2015-07-01,36 months,18,30866,392272050.0,18036034.86,4.598
2015-07-01,36 months,19,30866,392272050.0,19869412.74,5.065
2015-07-01,36 months,20,30866,392272050.0,21301633.15,5.43
2015-07-01,36 months,21,30866,392272050.0,22671068.86,5.779
2015-07-01,36 months,22,30866,392272050.0,23810033.19,6.07
2015-07-01,36 months,23,30866,392272050.0,25018260.83,6.378
2015-07-01,36 months,24,30866,392272050.0,25836472.11,6.586
2015-07-01,36 months,25,30866,392272050.0,26910722.65,6.86
2015-07-01,36 months,26,30866,392272050.0,27818230.47,7.092
2015-07-01,36 months,27,30866,392272050.0,28634651.47,7.3
2015-07-01,36 months,28,30866,392272050.0,29357642.81,7.484
2015-07-01,36 months,29,30866,392272050.0,29970627.06,7.64
2015-07-01,36 months,30,30866,392272050.0,30497648.52,7.775
2015-07-01,36 months,31,30866,392272050.0,30880549.65,7.872
2015-07-01,36 months,32,30866,392272050.0,31419081.85,8.01
2015-07-01,36 months,33,30866,392272050.0,31730859.88,8.089
2015-07-01,36 months,34,30866,392272050.0,32025681.0,8.164
2015-07-01,36 months,35,30866,392272050.0,32255568.83,8.223
2015-07-01,36 months,36,30866,392272050.0,32396738.91,8.259
2015-07-01,36 months,37,30866,392272050.0,32562715.44,8.301
2015-07-01,36 months,38,30866,392272050.0,32688102.51,8.333
2015-07-01,36 months,39,30866,392272050.0,32765469.5,8.353
2015-07-01,36 months,40,30866,392272050.0,32829772.75,8.369
2015-07-01,36 months,41,30866,392272050.0,32876769.12,8.381
2015-07-01,36 months,42,30866,392272050.0,32886626.68,8.384
2015-07-01,36 months,43,30866,392272050.0,32897693.14,8.386
2015-07-01,36 months,44,30866,392272050.0,32916773.02,8.391
2015-07-01,60 months,0,15096,303966550.0,0.0,0.0
2015-07-01,60 months,1,15096,303966550.0,0.0,0.0
2015-07-01,60 months,2,15096,303966550.0,0.0,0.0
2015-07-01,60 months,3,15096,303966550.0,0.0,0.0
2015-07-01,60 months,4,15096,303966550.0,0.0,0.0
2015-07-01,60 months,5,15096,303966550.0,284525.0,0.094
2015-07-01,60 months,6,15096,303966550.0,824992.73,0.271
2015-07-01,60 months,7,15096,303966550.0,1726712.31,0.568
2015-07-01,60 months,8,15096,303966550.0,3119122.83,1.026
2015-07-01,60 months,9,15096,303966550.0,4388177.37,1.444
2015-07-01,60 months,10,15096,303966550.0,5973112.55,1.965
2015-07-01,60 months,11,15096,303966550.0,7478004.11,2.46
2015-07-01,60 months,12,15096,303966550.0,9197893.0,3.026
2015-07-01,60 months,13,15096,303966550.0,11456590.3,3.769
2015-07-01,60 months,14,15096,303966550.0,13776699.26,4.532
2015-07-01,60 months,15,15096,303966550.0,16308233.85,5.365
2015-07-01,60 months,16,15096,303966550.0,19436058.2,6.394
2015-07-01,60 months,17,15096,303966550.0,22074007.73,7.262
2015-07-01,60 months,18,15096,303966550.0,24743258.69,8.14
2015-07-01,60 months,19,15096,303966550.0,27245402.02,8.963
2015-07-01,60 months,20,15096,303966550.0,29539709.7,9.718
2015-07-01,60 months,21,15096,303966550.0,31306964.01,10.299
2015-07-01,60 months,22,15096,303966550.0,33337675.66,10.968
2015-07-01,60 months,23,15096,303966550.0,35049551.4,11.531
2015-07-01,60 months,24,15096,303966550.0,36324968.1,11.95
2015-07-01,60 months,25,15096,303966550.0,37965235.56,12.49
2015-07-01,60 months,26,15096,303966550.0,39428704.13,12.971
2015-07-01,60 months,27,15096,303966550.0,40980830.71,13.482
2015-07-01,60 months,28,15096,303966550.0,42597329.32,14.014
2015-07-01,60 months,29,15096,303966550.0,44176749.71,14.533
2015-07-01,60 months,30,15096,303966550.0,45685430.61,15.03
2015-07-01,60 months,31,15096,303966550.0,46802876.64,15.397
2015-07-01,60 months,32,15096,303966550.0,47984990.42,15.786
2015-07-01,60 months,33,15096,303966550.0,49164351.42,16.174
2015-07-01,60 months,34,15096,303966550.0,50083094.65,16.477
2015-07-01,60 months,35,15096,303966550.0,51020265.79,16.785
2015-07-01,60 months,36,15096,303966550.0,51864642.25,17.063
2015-07-01,60 months,37,15096,303966550.0,52674118.65,17.329
2015-07-01,60 months,38,15096,303966550.0,53323275.14,17.542
2015-07-01,60 months,39,15096,303966550.0,54105432.14,17.8
2015-07-01,60 months,40,15096,303966550.0,54796366.11,18.027
2015-07-01,60 months,41,15096,303966550.0,55321407.2,18.2
2015-07-01,60 months,42,15096,303966550.0,55769382.23,18.347
2015-07-01,60 months,43,15096,303966550.0,56237453.54,18.501
2015-07-01,60 months,44,15096,303966550.0,57473141.16,18.908
2015-08-01,36 months,0,23939,312719075.0,0.0,0.0
2015-08-01,36 months,1,23939,312719075.0,0.0,0.0
2015-08-01,36 months,2,23939,312719075.0,0.0,0.0
2015-08-01,36 months,3,23939,312719075.0,0.0,0.0
2015-08-01,36 months,4,23939,312719075.0,0.0,0.0
2015-08-01,36 months,5,23939,312719075.0,91925.0,0.029
2015-08-01,36 months,6,23939,312719075.0,372399.74,0.119
2015-08-01,36 months,7,23939,312719075.0,961664.38,0.308
2015-08-01,36 months,8,23939,312719075.0,1409763.13,0.451
2015-08-01,36 months,9,23939,312719075.0,2147553.8,0.687
2015-08-01,36 months,10,23939,312719075.0,3102878.04,0.992
2015-08-01,36 months,11,23939,312719075.0,3896011.51,1.246
2015-08-01,36 months,12,23939,312719075.0,5123640.95,1.638
2015-08-01,36 months,13,23939,312719075.0,6189860.91,1.979
2015-08-01,36 months,14,23939,312719075.0,7800878.83,2.495
2015-08-01,36 months,15,23939,312719075.0,9251630.64,2.958
2015-08-01,36 months,16,23939,312719075.0,10669714.07,3.412
2015-08-01,36 months,17,23939,312719075.0,12237115.29,3.913
2015-08-01,36 months,18,23939,312719075.0,13613772.17,4.353
2015-08-01,36 months,19,23939,312719075.0,14879794.74,4.758
2015-08-01,36 months,20,23939,312719075.0,16065197.75,5.137
2015-08-01,36 months,21,23939,312719075.0,17037888.37,5.448
2015-08-01,36 months,22,23939,312719075.0,17954189.52,5.741
2015-08-01,36 months,23,23939,312719075.0,18789317.98,6.008
2015-08-01,36 months,24,23939,312719075.0,19847268.23,6.347
2015-08-01,36 months,25,23939,312719075.0,20483597.26,6.55
2015-08-01,36 months,26,23939,312719075.0,21090362.92,6.744
2015-08-01,36 months,27,23939,312719075.0,21722982.95,6.946
2015-08-01,36 months,28,23939,312719075.0,22161119.29,7.087
2015-08-01,36 months,29,23939,312719075.0,22695343.68,7.257
2015-08-01,36 months,30,23939,312719075.0,23124738.67,7.395
2015-08-01,36 months,31,23939,312719075.0,23461579.57,7.502
2015-08-01,36 months,32,23939,312719075.0,23700402.63,7.579
2015-08-01,36 months,33,23939,312719075.0,23986226.85,7.67
2015-08-01,36 months,34,23939,312719075.0,24203485.27,7.74
2015-08-01,36 months,35,23939,312719075.0,24349425.69,7.786
2015-08-01,36 months,36,23939,312719075.0,24494704.63,7.833
2015-08-01,36 months,37,23939,312719075.0,24629277.27,7.876
2015-08-01,36 months,38,23939,312719075.0,24698596.02,7.898
2015-08-01,36 months,39,23939,312719075.0,24786758.58,7.926
2015-08-01,36 months,40,23939,312719075.0,24838078.56,7.943
2015-08-01,36 months,41,23939,312719075.0,24861481.43,7.95
2015-08-01,36 months,42,23939,312719075.0,24876851.75,7.955
2015-08-01,36 months,43,23939,312719075.0,24897470.59,7.962
2015-08-01,60 months,0,11947,242612325.0,0.0,0.0
2015-08-01,60 months,1,11947,242612325.0,0.0,0.0
2015-08-01,60 months,2,11947,242612325.0,0.0,0.0
2015-08-01,60 months,3,11947,242612325.0,0.0,0.0
2015-08-01,60 months,4,11947,242612325.0,0.0,0.0
2015-08-01,60 months,5,11947,242612325.0,211350.0,0.087
2015-08-01,60 months,6,11947,242612325.0,576655.2,0.238
2015-08-01,60 months,7,11947,242612325.0,1454616.56,0.6
2015-08-01,60 months,8,11947,242612325.0,2387741.36,0.984
2015-08-01,60 months,9,11947,242612325.0,3638465.66,1.5
2015-08-01,60 months,10,11947,242612325.0,4967632.67,2.048
2015-08-01,60 months,11,11947,242612325.0,6081168.9,2.507
2015-08-01,60 months,12,11947,242612325.0,8086447.54,3.333
2015-08-01,60 months,13,11947,242612325.0,9623359.57,3.967
2015-08-01,60 months,14,11947,242612325.0,11378020.53,4.69
2015-08-01,60 months,15,11947,242612325.0,13594256.09,5.603
2015-08-01,60 months,16,11947,242612325.0,15893987.5,6.551
2015-08-01,60 months,17,11947,242612325.0,17833990.38,7.351
2015-08-01,60 months,18,11947,242612325.0,19983782.9,8.237
2015-08-01,60 months,19,11947,242612325.0,21941345.45,9.044
2015-08-01,60 months,20,11947,242612325.0,23411060.62,9.65
2015-08-01,60 months,21,11947,242612325.0,25146563.19,10.365
2015-08-01,60 months,22,11947,242612325.0,26417264.12,10.889
2015-08-01,60 months,23,11947,242612325.0,27525682.31,11.346
2015-08-01,60 months,24,11947,242612325.0,28946973.89,11.931
2015-08-01,60 months,25,11947,242612325.0,30098413.68,12.406
2015-08-01,60 months,26,11947,242612325.0,31238660.76,12.876
2015-08-01,60 months,27,11947,242612325.0,32414667.57,13.361
2015-08-01,60 months,28,11947,242612325.0,33652307.44,13.871
2015-08-01,60 months,29,11947,242612325.0,34768688.04,14.331
2015-08-01,60 months,30,11947,242612325.0,35835723.8,14.771
2015-08-01,60 months,31,11947,242612325.0,36808966.66,15.172
2015-08-01,60 months,32,11947,242612325.0,37627283.21,15.509
2015-08-01,60 months,33,11947,242612325.0,38495449.93,15.867
2015-08-01,60 months,34,11947,242612325.0,39207462.9,16.161
2015-08-01,60 months,35,11947,242612325.0,39882910.91,16.439
2015-08-01,60 months,36,11947,242612325.0,40563405.4,16.719
2015-08-01,60 months,37,11947,242612325.0,41060938.95,16.925
2015-08-01,60 months,38,11947,242612325.0,41684743.51,17.182
2015-08-01,60 months,39,11947,242612325.0,42337137.86,17.451
2015-08-01,60 months,40,11947,242612325.0,42935640.64,17.697
2015-08-01,60 months,41,11947,242612325.0,43352735.41,17.869
2015-08-01,60 months,42,11947,242612325.0,43747766.65,18.032
2015-08-01,60 months,43,11947,242612325.0,44772056.28,18.454
2015-09-01,36 months,0,18767,247469525.0,0.0,0.0
2015-09-01,36 months,1,18767,247469525.0,0.0,0.0
2015-09-01,36 months,2,18767,247469525.0,0.0,0.0
2015-09-01,36 months,3,18767,247469525.0,0.0,0.0
2015-09-01,36 months,4,18767,247469525.0,0.0,0.0
2015-09-01,36 months,5,18767,247469525.0,303561.52,0.123
2015-09-01,36 months,6,18767,247469525.0,659176.03,0.266
2015-09-01,36 months,7,18767,247469525.0,1034223.43,0.418
2015-09-01,36 months,8,18767,247469525.0,1552347.61,0.627
2015-09-01,36 months,9,18767,247469525.0,2116629.76,0.855
2015-09-01,36 months,10,18767,247469525.0,2870093.34,1.16
2015-09-01,36 months,11,18767,247469525.0,4030755.61,1.629
2015-09-01,36 months,12,18767,247469525.0,5181312.27,2.094
2015-09-01,36 months,13,18767,247469525.0,6312997.91,2.551
2015-09-01,36 months,14,18767,247469525.0,7466224.45,3.017
2015-09-01,36 months,15,18767,247469525.0,8507443.51,3.438
2015-09-01,36 months,16,18767,247469525.0,9447687.93,3.818
2015-09-01,36 months,17,18767,247469525.0,10544781.18,4.261
2015-09-01,36 months,18,18767,247469525.0,11628935.06,4.699
2015-09-01,36 months,19,18767,247469525.0,12599163.52,5.091
2015-09-01,36 months,20,18767,247469525.0,13434380.28,5.429
2015-09-01,36 months,21,18767,247469525.0,14218444.66,5.746
2015-09-01,36 months,22,18767,247469525.0,14792330.38,5.977
2015-09-01,36 months,23,18767,247469525.0,15614950.01,6.31
2015-09-01,36 months,24,18767,247469525.0,16262402.2,6.571
2015-09-01,36 months,25,18767,247469525.0,16925708.36,6.84
2015-09-01,36 months,26,18767,247469525.0,17421053.39,7.04
2015-09-01,36 months,27,18767,247469525.0,17885176.55,7.227
2015-09-01,36 months,28,18767,247469525.0,18349784.86,7.415
2015-09-01,36 months,29,18767,247469525.0,18679569.83,7.548
2015-09-01,36 months,30,18767,247469525.0,19066469.25,7.705
2015-09-01,36 months,31,18767,247469525.0,19380719.55,7.832
2015-09-01,36 months,32,18767,247469525.0,19644327.76,7.938
2015-09-01,36 months,33,18767,247469525.0,19881045.86,8.034
2015-09-01,36 months,34,18767,247469525.0,20096376.56,8.121
2015-09-01,36 months,35,18767,247469525.0,20265968.36,8.189
2015-09-01,36 months,36,18767,247469525.0,20371365.89,8.232
2015-09-01,36 months,37,18767,247469525.0,20461535.69,8.268
2015-09-01,36 months,38,18767,247469525.0,20548222.01,8.303
2015-09-01,36 months,39,18767,247469525.0,20595607.41,8.322
2015-09-01,36 months,40,18767,247469525.0,20631485.17,8.337
2015-09-01,36 months,41,18767,247469525.0,20649550.55,8.344
2015-09-01,36 months,42,18767,247469525.0,20674069.22,8.354
2015-09-01,60 months,0,9874,202777275.0,0.0,0.0
2015-09-01,60 months,1,9874,202777275.0,0.0,0.0
2015-09-01,60 months,2,9874,202777275.0,0.0,0.0
2015-09-01,60 months,3,9874,202777275.0,0.0,0.0
2015-09-01,60 months,4,9874,202777275.0,0.0,0.0
2015-09-01,60 months,5,9874,202777275.0,93875.0,0.046
2015-09-01,60 months,6,9874,202777275.0,589717.82,0.291
2015-09-01,60 months,7,9874,202777275.0,1176938.69,0.58
2015-09-01,60 months,8,9874,202777275.0,1972481.8,0.973
2015-09-01,60 months,9,9874,202777275.0,2832331.88,1.397
2015-09-01,60 months,10,9874,202777275.0,4070938.42,2.008
2015-09-01,60 months,11,9874,202777275.0,5420851.08,2.673
2015-09-01,60 months,12,9874,202777275.0,6901178.5,3.403
2015-09-01,60 months,13,9874,202777275.0,8639382.16,4.261
2015-09-01,60 months,14,9874,202777275.0,10350536.02,5.104
2015-09-01,60 months,15,9874,202777275.0,12305775.99,6.069
2015-09-01,60 months,16,9874,202777275.0,13858914.31,6.835
2015-09-01,60 months,17,9874,202777275.0,15730571.65,7.758
2015-09-01,60 months,18,9874,202777275.0,17236574.67,8.5
2015-09-01,60 months,19,9874,202777275.0,18608132.33,9.177
2015-09-01,60 months,20,9874,202777275.0,19703601.98,9.717
2015-09-01,60 months,21,9874,202777275.0,21141999.53,10.426
2015-09-01,60 months,22,9874,202777275.0,21943276.57,10.821
2015-09-01,60 months,23,9874,202777275.0,23065657.89,11.375
2015-09-01,60 months,24,9874,202777275.0,23957002.44,11.814
2015-09-01,60 months,25,9874,202777275.0,24898216.33,12.279
2015-09-01,60 months,26,9874,202777275.0,26062377.15,12.853
2015-09-01,60 months,27,9874,202777275.0,27312731.88,13.469
2015-09-01,60 months,28,9874,202777275.0,28287385.31,13.95
2015-09-01,60 months,29,9874,202777275.0,29150681.56,14.376
2015-09-01,60 months,30,9874,202777275.0,29989526.59,14.789
2015-09-01,60 months,31,9874,202777275.0,30869404.3,15.223
2015-09-01,60 months,32,9874,202777275.0,31535058.73,15.552
2015-09-01,60 months,33,9874,202777275.0,32217436.05,15.888
2015-09-01,60 months,34,9874,202777275.0,32852428.73,16.201
2015-09-01,60 months,35,9874,202777275.0,33535725.63,16.538
2015-09-01,60 months,36,9874,202777275.0,33913381.07,16.724
2015-09-01,60 months,37,9874,202777275.0,34574148.62,17.05
2015-09-01,60 months,38,9874,202777275.0,35099380.38,17.309
2015-09-01,60 months,39,9874,202777275.0,35466773.2,17.491
2015-09-01,60 months,40,9874,202777275.0,35912993.21,17.711
2015-09-01,60 months,41,9874,202777275.0,36331780.49,17.917
2015-09-01,60 months,42,9874,202777275.0,37288075.49,18.389
2015-10-01,36 months,0,33202,425463475.0,0.0,0.0
2015-10-01,36 months,1,33202,425463475.0,0.0,0.0
2015-10-01,36 months,2,33202,425463475.0,0.0,0.0
2015-10-01,36 months,3,33202,425463475.0,0.0,0.0
2015-10-01,36 months,4,33202,425463475.0,0.0,0.0
2015-10-01,36 months,5,33202,425463475.0,242600.0,0.057
2015-10-01,36 months,6,33202,425463475.0,581542.97,0.137
2015-10-01,36 months,7,33202,425463475.0,1136314.88,0.267
2015-10-01,36 months,8,33202,425463475.0,2173797.36,0.511
2015-10-01,36 months,9,33202,425463475.0,3262320.47,0.767
2015-10-01,36 months,10,33202,425463475.0,4712034.99,1.108
2015-10-01,36 months,11,33202,425463475.0,6063093.14,1.425
2015-10-01,36 months,12,33202,425463475.0,7662694.99,1.801
2015-10-01,36 months,13,33202,425463475.0,9821427.7,2.308
2015-10-01,36 months,14,33202,425463475.0,11682192.41,2.746
2015-10-01,36 months,15,33202,425463475.0,13646448.94,3.207
2015-10-01,36 months,16,33202,425463475.0,15576409.08,3.661
2015-10-01,36 months,17,33202,425463475.0,17498427.98,4.113
2015-10-01,36 months,18,33202,425463475.0,19013628.79,4.469
2015-10-01,36 months,19,33202,425463475.0,20481203.58,4.814
2015-10-01,36 months,20,33202,425463475.0,21868012.68,5.14
2015-10-01,36 months,21,33202,425463475.0,22915708.78,5.386
2015-10-01,36 months,22,33202,425463475.0,24435125.88,5.743
2015-10-01,36 months,23,33202,425463475.0,25545250.9,6.004
2015-10-01,36 months,24,33202,425463475.0,26481723.07,6.224
2015-10-01,36 months,25,33202,425463475.0,27662203.79,6.502
2015-10-01,36 months,26,33202,425463475.0,28427234.75,6.681
2015-10-01,36 months,27,33202,425463475.0,29240028.66,6.873
2015-10-01,36 months,28,33202,425463475.0,29937881.97,7.037
2015-10-01,36 months,29,33202,425463475.0,30611288.06,7.195
2015-10-01,36 months,30,33202,425463475.0,31049894.52,7.298
2015-10-01,36 months,31,33202,425463475.0,31480783.71,7.399
2015-10-01,36 months,32,33202,425463475.0,31943383.02,7.508
2015-10-01,36 months,33,33202,425463475.0,32311507.58,7.594
2015-10-01,36 months,34,33202,425463475.0,32713143.88,7.689
2015-10-01,36 months,35,33202,425463475.0,33005831.88,7.758
2015-10-01,36 months,36,33202,425463475.0,33230792.13,7.81
2015-10-01,36 months,37,33202,425463475.0,33479395.21,7.869
2015-10-01,36 months,38,33202,425463475.0,33646074.35,7.908
2015-10-01,36 months,39,33202,425463475.0,33713980.01,7.924
2015-10-01,36 months,40,33202,425463475.0,33778451.1,7.939
2015-10-01,36 months,41,33202,425463475.0,33883808.99,7.964
2015-10-01,60 months,0,15429,312757925.0,0.0,0.0
2015-10-01,60 months,1,15429,312757925.0,0.0,0.0
2015-10-01,60 months,2,15429,312757925.0,0.0,0.0
2015-10-01,60 months,3,15429,312757925.0,0.0,0.0
2015-10-01,60 months,4,15429,312757925.0,0.0,0.0
2015-10-01,60 months,5,15429,312757925.0,194675.0,0.062
2015-10-01,60 months,6,15429,312757925.0,371559.92,0.119
2015-10-01,60 months,7,15429,312757925.0,1387370.0,0.444
2015-10-01,60 months,8,15429,312757925.0,2547306.34,0.814
2015-10-01,60 months,9,15429,312757925.0,3996015.54,1.278
2015-10-01,60 months,10,15429,312757925.0,6029374.64,1.928
2015-10-01,60 months,11,15429,312757925.0,8039977.05,2.571
2015-10-01,60 months,12,15429,312757925.0,10210748.83,3.265
2015-10-01,60 months,13,15429,312757925.0,13048012.31,4.172
2015-10-01,60 months,14,15429,312757925.0,15228513.26,4.869
2015-10-01,60 months,15,15429,312757925.0,18009119.58,5.758
2015-10-01,60 months,16,15429,312757925.0,20448403.43,6.538
2015-10-01,60 months,17,15429,312757925.0,22797790.54,7.289
2015-10-01,60 months,18,15429,312757925.0,24705905.59,7.899
2015-10-01,60 months,19,15429,312757925.0,26931918.79,8.611
2015-10-01,60 months,20,15429,312757925.0,28892842.92,9.238
2015-10-01,60 months,21,15429,312757925.0,30218513.8,9.662
2015-10-01,60 months,22,15429,312757925.0,32040094.96,10.244
2015-10-01,60 months,23,15429,312757925.0,33419355.93,10.685
2015-10-01,60 months,24,15429,312757925.0,35160275.04,11.242
2015-10-01,60 months,25,15429,312757925.0,36894999.97,11.797
2015-10-01,60 months,26,15429,312757925.0,38615681.96,12.347
2015-10-01,60 months,27,15429,312757925.0,40320052.27,12.892
2015-10-01,60 months,28,15429,312757925.0,41844648.11,13.379
2015-10-01,60 months,29,15429,312757925.0,43142997.5,13.794
2015-10-01,60 months,30,15429,312757925.0,44063634.42,14.089
2015-10-01,60 months,31,15429,312757925.0,45131325.19,14.43
2015-10-01,60 months,32,15429,312757925.0,46281372.18,14.798
2015-10-01,60 months,33,15429,312757925.0,47177090.65,15.084
2015-10-01,60 months,34,15429,312757925.0,48180120.99,15.405
2015-10-01,60 months,35,15429,312757925.0,48969983.46,15.657
2015-10-01,60 months,36,15429,312757925.0,49939356.76,15.967
2015-10-01,60 months,37,15429,312757925.0,50751131.49,16.227
2015-10-01,60 months,38,15429,312757925.0,51613449.15,16.503
2015-10-01,60 months,39,15429,312757925.0,52354976.66,16.74
2015-10-01,60 months,40,15429,312757925.0,52925732.79,16.922
2015-10-01,60 months,41,15429,312757925.0,54520645.53,17.432
2015-11-01,36 months,0,25269,321307400.0,0.0,0.0
2015-11-01,36 months,1,25269,321307400.0,0.0,0.0
2015-11-01,36 months,2,25269,321307400.0,0.0,0.0
2015-11-01,36 months,3,25269,321307400.0,0.0,0.0
2015-11-01,36 months,4,25269,321307400.0,0.0,0.0
2015-11-01,36 months,5,25269,321307400.0,255175.0,0.079
2015-11-01,36 months,6,25269,321307400.0,619826.91,0.193
2015-11-01,36 months,7,25269,321307400.0,1116377.58,0.347
2015-11-01,36 months,8,25269,321307400.0,1793702.59,0.558
2015-11-01,36 months,9,25269,321307400.0,2798565.73,0.871
2015-11-01,36 months,10,25269,321307400.0,3888043.18,1.21
2015-11-01,36 months,11,25269,321307400.0,5020349.84,1.562
2015-11-01,36 months,12,25269,321307400.0,6544477.32,2.037
2015-11-01,36 months,13,25269,321307400.0,7892625.37,2.456
2015-11-01,36 months,14,25269,321307400.0,9717886.19,3.024
2015-11-01,36 months,15,25269,321307400.0,11434458.56,3.559
2015-11-01,36 months,16,25269,321307400.0,13009721.48,4.049
2015-11-01,36 months,17,25269,321307400.0,14043826.25,4.371
2015-11-01,36 months,18,25269,321307400.0,15023441.57,4.676
2015-11-01,36 months,19,25269,321307400.0,16561789.48,5.154
2015-11-01,36 months,20,25269,321307400.0,17445588.76,5.43
2015-11-01,36 months,21,25269,321307400.0,18749778.57,5.835
2015-11-01,36 months,22,25269,321307400.0,19795158.82,6.161
2015-11-01,36 months,23,25269,321307400.0,20699540.63,6.442
2015-11-01,36 months,24,25269,321307400.0,21662709.29,6.742
2015-11-01,36 months,25,25269,321307400.0,22397011.56,6.971
2015-11-01,36 months,26,25269,321307400.0,23174996.74,7.213
2015-11-01,36 months,27,25269,321307400.0,23779658.13,7.401
2015-11-01,36 months,28,25269,321307400.0,24359096.86,7.581
2015-11-01,36 months,29,25269,321307400.0,24884052.08,7.745
2015-11-01,36 months,30,25269,321307400.0,25286831.25,7.87
2015-11-01,36 months,31,25269,321307400.0,25626280.22,7.976
2015-11-01,36 months,32,25269,321307400.0,25857887.12,8.048
2015-11-01,36 months,33,25269,321307400.0,26229115.7,8.163
2015-11-01,36 months,34,25269,321307400.0,26472409.2,8.239
2015-11-01,36 months,35,25269,321307400.0,26652093.24,8.295
2015-11-01,36 months,36,25269,321307400.0,26817086.06,8.346
2015-11-01,36 months,37,25269,321307400.0,26940838.65,8.385
2015-11-01,36 months,38,25269,321307400.0,27050795.93,8.419
2015-11-01,36 months,39,25269,321307400.0,27115497.15,8.439
2015-11-01,36 months,40,25269,321307400.0,27263808.98,8.485
2015-11-01,60 months,0,12261,245939925.0,0.0,0.0
2015-11-01,60 months,1,12261,245939925.0,0.0,0.0
2015-11-01,60 months,2,12261,245939925.0,0.0,0.0
2015-11-01,60 months,3,12261,245939925.0,0.0,0.0
2015-11-01,60 months,4,12261,245939925.0,0.0,0.0
2015-11-01,60 months,5,12261,245939925.0,245750.0,0.1
2015-11-01,60 months,6,12261,245939925.0,518412.47,0.211
2015-11-01,60 months,7,12261,245939925.0,1169773.42,0.476
2015-11-01,60 months,8,12261,245939925.0,2167414.24,0.881
2015-11-01,60 months,9,12261,245939925.0,3367967.92,1.369
2015-11-01,60 months,10,12261,245939925.0,4965990.22,2.019
2015-11-01,60 months,11,12261,245939925.0,6870247.72,2.793
2015-11-01,60 months,12,12261,245939925.0,9047358.1,3.679
2015-11-01,60 months,13,12261,245939925.0,11068472.9,4.5
2015-11-01,60 months,14,12261,245939925.0,13249138.24,5.387
2015-11-01,60 months,15,12261,245939925.0,15036426.86,6.114
2015-11-01,60 months,16,12261,245939925.0,16811163.89,6.835
2015-11-01,60 months,17,12261,245939925.0,18657818.51,7.586
2015-11-01,60 months,18,12261,245939925.0,20131789.52,8.186
2015-11-01,60 months,19,12261,245939925.0,21980682.55,8.937
2015-11-01,60 months,20,12261,245939925.0,23301528.0,9.474
2015-11-01,60 months,21,12261,245939925.0,24963558.24,10.15
2015-11-01,60 months,22,12261,245939925.0,26093263.34,10.61
2015-11-01,60 months,23,12261,245939925.0,27483558.9,11.175
2015-11-01,60 months,24,12261,245939925.0,29099509.35,11.832
2015-11-01,60 months,25,12261,245939925.0,30438355.75,12.376
2015-11-01,60 months,26,12261,245939925.0,31787351.09,12.925
2015-11-01,60 months,27,12261,245939925.0,33100498.03,13.459
2015-11-01,60 months,28,12261,245939925.0,34101926.03,13.866
2015-11-01,60 months,29,12261,245939925.0,34877647.91,14.181
2015-11-01,60 months,30,12261,245939925.0,35721498.16,14.524
2015-11-01,60 months,31,12261,245939925.0,36852787.09,14.984
2015-11-01,60 months,32,12261,245939925.0,37799767.06,15.37
2015-11-01,60 months,33,12261,245939925.0,38759842.46,15.76
2015-11-01,60 months,34,12261,245939925.0,39430517.58,16.033
2015-11-01,60 months,35,12261,245939925.0,40154057.05,16.327
2015-11-01,60 months,36,12261,245939925.0,40772443.95,16.578
2015-11-01,60 months,37,12261,245939925.0,41336333.94,16.807
2015-11-01,60 months,38,12261,245939925.0,42007427.76,17.08
2015-11-01,60 months,39,12261,245939925.0,42668541.93,17.349
2015-11-01,60 months,40,12261,245939925.0,44044394.91,17.909
2015-12-01,36 months,0,30339,382741700.0,0.0,0.0
2015-12-01,36 months,1,30339,382741700.0,0.0,0.0
2015-12-01,36 months,2,30339,382741700.0,0.0,0.0
2015-12-01,36 months,3,30339,382741700.0,0.0,0.0
2015-12-01,36 months,4,30339,382741700.0,0.0,0.0
2015-12-01,36 months,5,30339,382741700.0,259275.0,0.068
2015-12-01,36 months,6,30339,382741700.0,743247.64,0.194
2015-12-01,36 months,7,30339,382741700.0,1513274.36,0.395
2015-12-01,36 months,8,30339,382741700.0,2474885.32,0.647
2015-12-01,36 months,9,30339,382741700.0,3711293.87,0.97
2015-12-01,36 months,10,30339,382741700.0,5164058.49,1.349
2015-12-01,36 months,11,30339,382741700.0,6784932.99,1.773
2015-12-01,36 months,12,30339,382741700.0,9171120.31,2.396
2015-12-01,36 months,13,30339,382741700.0,11081233.97,2.895
2015-12-01,36 months,14,30339,382741700.0,13229625.09,3.457
2015-12-01,36 months,15,30339,382741700.0,15097794.62,3.945
2015-12-01,36 months,16,30339,382741700.0,16775572.37,4.383
2015-12-01,36 months,17,30339,382741700.0,18373931.42,4.801
2015-12-01,36 months,18,30339,382741700.0,20140745.17,5.262
2015-12-01,36 months,19,30339,382741700.0,21388934.04,5.588
2015-12-01,36 months,20,30339,382741700.0,22881669.75,5.978
2015-12-01,36 months,21,30339,382741700.0,24138095.95,6.307
2015-12-01,36 months,22,30339,382741700.0,25490998.85,6.66
2015-12-01,36 months,23,30339,382741700.0,26800831.55,7.002
2015-12-01,36 months,24,30339,382741700.0,27652206.81,7.225
2015-12-01,36 months,25,30339,382741700.0,28710741.59,7.501
2015-12-01,36 months,26,30339,382741700.0,29691527.8,7.758
2015-12-01,36 months,27,30339,382741700.0,30430421.64,7.951
2015-12-01,36 months,28,30339,382741700.0,31152383.27,8.139
2015-12-01,36 months,29,30339,382741700.0,31800090.3,8.308
2015-12-01,36 months,30,30339,382741700.0,32440375.39,8.476
2015-12-01,36 months,31,30339,382741700.0,32816311.78,8.574
2015-12-01,36 months,32,30339,382741700.0,33229730.77,8.682
2015-12-01,36 months,33,30339,382741700.0,33605155.86,8.78
2015-12-01,36 months,34,30339,382741700.0,33834489.19,8.84
2015-12-01,36 months,35,30339,382741700.0,34182831.31,8.931
2015-12-01,36 months,36,30339,382741700.0,34372643.92,8.981
2015-12-01,36 months,37,30339,382741700.0,34528534.95,9.021
2015-12-01,36 months,38,30339,382741700.0,34674322.82,9.059
2015-12-01,36 months,39,30339,382741700.0,34948029.76,9.131
2015-12-01,60 months,0,14004,285168850.0,0.0,0.0
2015-12-01,60 months,1,14004,285168850.0,0.0,0.0
2015-12-01,60 months,2,14004,285168850.0,0.0,0.0
2015-12-01,60 months,3,14004,285168850.0,0.0,0.0
2015-12-01,60 months,4,14004,285168850.0,0.0,0.0
2015-12-01,60 months,5,14004,285168850.0,218900.0,0.077
2015-12-01,60 months,6,14004,285168850.0,677071.96,0.237
2015-12-01,60 months,7,14004,285168850.0,1458292.52,0.511
2015-12-01,60 months,8,14004,285168850.0,2863816.97,1.004
2015-12-01,60 months,9,14004,285168850.0,4044160.21,1.418
2015-12-01,60 months,10,14004,285168850.0,5799584.67,2.034
2015-12-01,60 months,11,14004,285168850.0,7764476.44,2.723
2015-12-01,60 months,12,14004,285168850.0,10133408.73,3.553
2015-12-01,60 months,13,14004,285168850.0,12808666.77,4.492
2015-12-01,60 months,14,14004,285168850.0,15641170.93,5.485
2015-12-01,60 months,15,14004,285168850.0,18595271.42,6.521
2015-12-01,60 months,16,14004,285168850.0,20730388.23,7.27
2015-12-01,60 months,17,14004,285168850.0,22991992.13,8.063
2015-12-01,60 months,18,14004,285168850.0,25597665.42,8.976
2015-12-01,60 months,19,14004,285168850.0,27605694.56,9.68
2015-12-01,60 months,20,14004,285168850.0,29913065.38,10.49
2015-12-01,60 months,21,14004,285168850.0,31710973.45,11.12
2015-12-01,60 months,22,14004,285168850.0,33886267.18,11.883
2015-12-01,60 months,23,14004,285168850.0,35774169.64,12.545
2015-12-01,60 months,24,14004,285168850.0,37530562.27,13.161
2015-12-01,60 months,25,14004,285168850.0,39554145.89,13.87
2015-12-01,60 months,26,14004,285168850.0,41172076.05,14.438
2015-12-01,60 months,27,14004,285168850.0,42505889.13,14.906
2015-12-01,60 months,28,14004,285168850.0,43657087.5,15.309
2015-12-01,60 months,29,14004,285168850.0,44856704.09,15.73
2015-12-01,60 months,30,14004,285168850.0,46201034.92,16.201
2015-12-01,60 months,31,14004,285168850.0,47103821.95,16.518
2015-12-01,60 months,32,14004,285168850.0,48081861.4,16.861
2015-12-01,60 months,33,14004,285168850.0,48993433.11,17.18
2015-12-01,60 months,34,14004,285168850.0,49786349.95,17.459
2015-12-01,60 months,35,14004,285168850.0,50610612.65,17.748
2015-12-01,60 months,36,14004,285168850.0,51609638.22,18.098
2015-12-01,60 months,37,14004,285168850.0,52411978.95,18.379
2015-12-01,60 months,38,14004,285168850.0,52952601.23,18.569
2015-12-01,60 months,39,14004,285168850.0,54646285.42,19.163
2016-01-01,36 months,0,22675,313750700.0,0.0,0.0
2016-01-01,36 months,1,22675,313750700.0,0.0,0.0
2016-01-01,36 months,2,22675,313750700.0,0.0,0.0
2016-01-01,36 months,3,22675,313750700.0,0.0,0.0
2016-01-01,36 months,4,22675,313750700.0,0.0,0.0
2016-01-01,36 months,5,22675,313750700.0,260450.0,0.083
2016-01-01,36 months,6,22675,313750700.0,517368.64,0.165
2016-01-01,36 months,7,22675,313750700.0,1298628.68,0.414
2016-01-01,36 months,8,22675,313750700.0,1867288.73,0.595
2016-01-01,36 months,9,22675,313750700.0,3166486.98,1.009
2016-01-01,36 months,10,22675,313750700.0,4332621.77,1.381
2016-01-01,36 months,11,22675,313750700.0,5647864.71,1.8
2016-01-01,36 months,12,22675,313750700.0,7019929.14,2.237
2016-01-01,36 months,13,22675,313750700.0,8768663.02,2.795
2016-01-01,36 months,14,22675,313750700.0,10504326.4,3.348
2016-01-01,36 months,15,22675,313750700.0,11753470.65,3.746
2016-01-01,36 months,16,22675,313750700.0,13510482.78,4.306
2016-01-01,36 months,17,22675,313750700.0,14641961.58,4.667
2016-01-01,36 months,18,22675,313750700.0,15601194.2,4.972
2016-01-01,36 months,19,22675,313750700.0,16987473.79,5.414
2016-01-01,36 months,20,22675,313750700.0,17923223.95,5.713
2016-01-01,36 months,21,22675,313750700.0,18951763.6,6.04
2016-01-01,36 months,22,22675,313750700.0,20084332.64,6.401
2016-01-01,36 months,23,22675,313750700.0,20911847.52,6.665
2016-01-01,36 months,24,22675,313750700.0,21793775.77,6.946
2016-01-01,36 months,25,22675,313750700.0,22474072.77,7.163
2016-01-01,36 months,26,22675,313750700.0,23201291.14,7.395
2016-01-01,36 months,27,22675,313750700.0,23791862.44,7.583
2016-01-01,36 months,28,22675,313750700.0,24293870.48,7.743
2016-01-01,36 months,29,22675,313750700.0,24801812.11,7.905
2016-01-01,36 months,30,22675,313750700.0,25117210.15,8.005
2016-01-01,36 months,31,22675,313750700.0,25565894.56,8.148
2016-01-01,36 months,32,22675,313750700.0,25774827.28,8.215
2016-01-01,36 months,33,22675,313750700.0,25983287.4,8.282
2016-01-01,36 months,34,22675,313750700.0,26266860.08,8.372
2016-01-01,36 months,35,22675,313750700.0,26443976.31,8.428
2016-01-01,36 months,36,22675,313750700.0,26605008.81,8.48
2016-01-01,36 months,37,22675,313750700.0,26712283.01,8.514
2016-01-01,36 months,38,22675,313750700.0,26927749.29,8.583
2016-01-01,60 months,0,9691,204652700.0,0.0,0.0
2016-01-01,60 months,1,9691,204652700.0,0.0,0.0
2016-01-01,60 months,2,9691,204652700.0,0.0,0.0
2016-01-01,60 months,3,9691,204652700.0,0.0,0.0
2016-01-01,60 months,4,9691,204652700.0,0.0,0.0
2016-01-01,60 months,5,9691,204652700.0,159900.0,0.078
2016-01-01,60 months,6,9691,204652700.0,511766.46,0.25
2016-01-01,60 months,7,9691,204652700.0,1256805.11,0.614
2016-01-01,60 months,8,9691,204652700.0,1985212.56,0.97
2016-01-01,60 months,9,9691,204652700.0,3086373.74,1.508
2016-01-01,60 months,10,9691,204652700.0,4247691.74,2.076
2016-01-01,60 months,11,9691,204652700.0,5981569.71,2.923
2016-01-01,60 months,12,9691,204652700.0,7796898.08,3.81
2016-01-01,60 months,13,9691,204652700.0,9748731.89,4.764
2016-01-01,60 months,14,9691,204652700.0,11356843.07,5.549
2016-01-01,60 months,15,9691,204652700.0,13263241.25,6.481
2016-01-01,60 months,16,9691,204652700.0,14975692.56,7.318
2016-01-01,60 months,17,9691,204652700.0,16548691.28,8.086
2016-01-01,60 months,18,9691,204652700.0,18070073.37,8.83
2016-01-01,60 months,19,9691,204652700.0,19936151.37,9.741
2016-01-01,60 months,20,9691,204652700.0,21160545.3,10.34
2016-01-01,60 months,21,9691,204652700.0,22507029.31,10.998
2016-01-01,60 months,22,9691,204652700.0,23955605.9,11.705
2016-01-01,60 months,23,9691,204652700.0,25018295.57,12.225
2016-01-01,60 months,24,9691,204652700.0,26431025.63,12.915
2016-01-01,60 months,25,9691,204652700.0,27317979.76,13.348
2016-01-01,60 months,26,9691,204652700.0,28258277.82,13.808
2016-01-01,60 months,27,9691,204652700.0,29271248.81,14.303
2016-01-01,60 months,28,9691,204652700.0,30152150.01,14.733
2016-01-01,60 months,29,9691,204652700.0,31042350.72,15.168
2016-01-01,60 months,30,9691,204652700.0,31844841.09,15.56
2016-01-01,60 months,31,9691,204652700.0,32655023.81,15.956
2016-01-01,60 months,32,9691,204652700.0,33414102.45,16.327
2016-01-01,60 months,33,9691,204652700.0,34004358.88,16.616
2016-01-01,60 months,34,9691,204652700.0,34602562.77,16.908
2016-01-01,60 months,35,9691,204652700.0,35214814.95,17.207
2016-01-01,60 months,36,9691,204652700.0,35732186.53,17.46
2016-01-01,60 months,37,9691,204652700.0,36138981.37,17.659
2016-01-01,60 months,38,9691,204652700.0,37452203.77,18.3
2016-02-01,36 months,0,28609,390912075.0,0.0,0.0
2016-02-01,36 months,1,28609,390912075.0,0.0,0.0
2016-02-01,36 months,2,28609,390912075.0,0.0,0.0
2016-02-01,36 months,3,28609,390912075.0,0.0,0.0
2016-02-01,36 months,4,28609,390912075.0,0.0,0.0
2016-02-01,36 months,5,28609,390912075.0,545725.0,0.14
2016-02-01,36 months,6,28609,390912075.0,1025378.69,0.262
2016-02-01,36 months,7,28609,390912075.0,1761200.03,0.451
2016-02-01,36 months,8,28609,390912075.0,2766788.94,0.708
2016-02-01,36 months,9,28609,390912075.0,4205154.23,1.076
2016-02-01,36 months,10,28609,390912075.0,5977005.61,1.529
2016-02-01,36 months,11,28609,390912075.0,8008844.92,2.049
2016-02-01,36 months,12,28609,390912075.0,9957135.76,2.547
2016-02-01,36 months,13,28609,390912075.0,11941990.14,3.055
2016-02-01,36 months,14,28609,390912075.0,13817708.47,3.535
2016-02-01,36 months,15,28609,390912075.0,15563955.08,3.981
2016-02-01,36 months,16,28609,390912075.0,17456079.32,4.465
2016-02-01,36 months,17,28609,390912075.0,18776774.55,4.803
2016-02-01,36 months,18,28609,390912075.0,20754017.82,5.309
2016-02-01,36 months,19,28609,390912075.0,22363039.42,5.721
2016-02-01,36 months,20,28609,390912075.0,23923498.28,6.12
2016-02-01,36 months,21,28609,390912075.0,25411391.77,6.501
2016-02-01,36 months,22,28609,390912075.0,26692071.16,6.828
2016-02-01,36 months,23,28609,390912075.0,28018084.1,7.167
2016-02-01,36 months,24,28609,390912075.0,29124324.97,7.45
2016-02-01,36 months,25,28609,390912075.0,30024814.36,7.681
2016-02-01,36 months,26,28609,390912075.0,30865705.49,7.896
2016-02-01,36 months,27,28609,390912075.0,31691347.02,8.107
2016-02-01,36 months,28,28609,390912075.0,32364483.48,8.279
2016-02-01,36 months,29,28609,390912075.0,32920209.14,8.421
2016-02-01,36 months,30,28609,390912075.0,33490803.12,8.567
2016-02-01,36 months,31,28609,390912075.0,33890173.8,8.67
2016-02-01,36 months,32,28609,390912075.0,34186088.32,8.745
2016-02-01,36 months,33,28609,390912075.0,34683463.79,8.872
2016-02-01,36 months,34,28609,390912075.0,34965723.66,8.945
2016-02-01,36 months,35,28609,390912075.0,35231873.29,9.013
2016-02-01,36 months,36,28609,390912075.0,35433575.81,9.064
2016-02-01,36 months,37,28609,390912075.0,35869672.69,9.176
2016-02-01,60 months,0,10920,228534175.0,0.0,0.0
2016-02-01,60 months,1,10920,228534175.0,0.0,0.0
2016-02-01,60 months,2,10920,228534175.0,0.0,0.0
2016-02-01,60 months,3,10920,228534175.0,0.0,0.0
2016-02-01,60 months,4,10920,228534175.0,0.0,0.0
2016-02-01,60 months,5,10920,228534175.0,252725.0,0.111
2016-02-01,60 months,6,10920,228534175.0,632870.32,0.277
2016-02-01,60 months,7,10920,228534175.0,1137723.1,0.498
2016-02-01,60 months,8,10920,228534175.0,2075187.03,0.908
2016-02-01,60 months,9,10920,228534175.0,3830809.46,1.676
2016-02-01,60 months,10,10920,228534175.0,5658849.07,2.476
2016-02-01,60 months,11,10920,228534175.0,7722812.74,3.379
2016-02-01,60 months,12,10920,228534175.0,9462332.2,4.14
2016-02-01,60 months,13,10920,228534175.0,10941408.58,4.788
2016-02-01,60 months,14,10920,228534175.0,12591115.22,5.51
2016-02-01,60 months,15,10920,228534175.0,14806903.5,6.479
2016-02-01,60 months,16,10920,228534175.0,16907589.75,7.398
2016-02-01,60 months,17,10920,228534175.0,18327582.71,8.02
2016-02-01,60 months,18,10920,228534175.0,20194290.58,8.836
2016-02-01,60 months,19,10920,228534175.0,21524130.21,9.418
2016-02-01,60 months,20,10920,228534175.0,23233078.44,10.166
2016-02-01,60 months,21,10920,228534175.0,24904890.31,10.898
2016-02-01,60 months,22,10920,228534175.0,26499264.74,11.595
2016-02-01,60 months,23,10920,228534175.0,28266449.81,12.369
2016-02-01,60 months,24,10920,228534175.0,29680537.86,12.987
2016-02-01,60 months,25,10920,228534175.0,30802667.97,13.478
2016-02-01,60 months,26,10920,228534175.0,31850036.73,13.937
2016-02-01,60 months,27,10920,228534175.0,32713194.18,14.314
2016-02-01,60 months,28,10920,228534175.0,33913568.48,14.84
2016-02-01,60 months,29,10920,228534175.0,34556787.43,15.121
2016-02-01,60 months,30,10920,228534175.0,35570769.39,15.565
2016-02-01,60 months,31,10920,228534175.0,36465654.56,15.956
2016-02-01,60 months,32,10920,228534175.0,37082093.77,16.226
2016-02-01,60 months,33,10920,228534175.0,37838740.46,16.557
2016-02-01,60 months,34,10920,228534175.0,38501320.97,16.847
2016-02-01,60 months,35,10920,228534175.0,39208929.55,17.157
2016-02-01,60 months,36,10920,228534175.0,39801550.12,17.416
2016-02-01,60 months,37,10920,228534175.0,41357603.87,18.097
2016-03-01,36 months,0,44836,594651725.0,0.0,0.0
2016-03-01,36 months,1,44836,594651725.0,0.0,0.0
2016-03-01,36 months,2,44836,594651725.0,0.0,0.0
2016-03-01,36 months,3,44836,594651725.0,0.0,0.0
2016-03-01,36 months,4,44836,594651725.0,0.0,0.0
2016-03-01,36 months,5,44836,594651725.0,607850.0,0.102
2016-03-01,36 months,6,44836,594651725.0,1165376.72,0.196
2016-03-01,36 months,7,44836,594651725.0,2436838.41,0.41
2016-03-01,36 months,8,44836,594651725.0,4386244.99,0.738
2016-03-01,36 months,9,44836,594651725.0,6727825.9,1.131
2016-03-01,36 months,10,44836,594651725.0,9545729.04,1.605
2016-03-01,36 months,11,44836,594651725.0,12608695.81,2.12
2016-03-01,36 months,12,44836,594651725.0,15965846.54,2.685
2016-03-01,36 months,13,44836,594651725.0,19074916.31,3.208
2016-03-01,36 months,14,44836,594651725.0,22204914.08,3.734
2016-03-01,36 months,15,44836,594651725.0,25160003.5,4.231
2016-03-01,36 months,16,44836,594651725.0,27454134.48,4.617
2016-03-01,36 months,17,44836,594651725.0,30665936.08,5.157
2016-03-01,36 months,18,44836,594651725.0,33421666.07,5.62
2016-03-01,36 months,19,44836,594651725.0,36026688.03,6.058
2016-03-01,36 months,20,44836,594651725.0,38446104.8,6.465
2016-03-01,36 months,21,44836,594651725.0,40838828.79,6.868
2016-03-01,36 months,22,44836,594651725.0,43241376.91,7.272
2016-03-01,36 months,23,44836,594651725.0,45144336.27,7.592
2016-03-01,36 months,24,44836,594651725.0,46779821.56,7.867
2016-03-01,36 months,25,44836,594651725.0,48247503.28,8.114
2016-03-01,36 months,26,44836,594651725.0,49467811.93,8.319
2016-03-01,36 months,27,44836,594651725.0,50595807.51,8.508
2016-03-01,36 months,28,44836,594651725.0,51447167.43,8.652
2016-03-01,36 months,29,44836,594651725.0,52363120.43,8.806
2016-03-01,36 months,30,44836,594651725.0,53227448.91,8.951
2016-03-01,36 months,31,44836,594651725.0,54033797.24,9.087
2016-03-01,36 months,32,44836,594651725.0,54716780.22,9.201
2016-03-01,36 months,33,44836,594651725.0,55338855.63,9.306
2016-03-01,36 months,34,44836,594651725.0,55853125.93,9.393
2016-03-01,36 months,35,44836,594651725.0,56247968.82,9.459
2016-03-01,36 months,36,44836,594651725.0,57179545.43,9.616
2016-03-01,60 months,0,17156,354715825.0,0.0,0.0
2016-03-01,60 months,1,17156,354715825.0,0.0,0.0
2016-03-01,60 months,2,17156,354715825.0,0.0,0.0
2016-03-01,60 months,3,17156,354715825.0,0.0,0.0
2016-03-01,60 months,4,17156,354715825.0,0.0,0.0
2016-03-01,60 months,5,17156,354715825.0,323925.0,0.091
2016-03-01,60 months,6,17156,354715825.0,704566.33,0.199
2016-03-01,60 months,7,17156,354715825.0,1981989.32,0.559
2016-03-01,60 months,8,17156,354715825.0,3490011.96,0.984
2016-03-01,60 months,9,17156,354715825.0,5585072.3,1.575
2016-03-01,60 months,10,17156,354715825.0,8098855.59,2.283
2016-03-01,60 months,11,17156,354715825.0,11141601.42,3.141
2016-03-01,60 months,12,17156,354715825.0,13722040.49,3.868
2016-03-01,60 months,13,17156,354715825.0,16288740.79,4.592
2016-03-01,60 months,14,17156,354715825.0,18904332.6,5.329
2016-03-01,60 months,15,17156,354715825.0,22190729.24,6.256
2016-03-01,60 months,16,17156,354715825.0,24196242.66,6.821
2016-03-01,60 months,17,17156,354715825.0,27660258.18,7.798
2016-03-01,60 months,18,17156,354715825.0,30381622.14,8.565
2016-03-01,60 months,19,17156,354715825.0,32706081.44,9.22
2016-03-01,60 months,20,17156,354715825.0,35462249.51,9.997
2016-03-01,60 months,21,17156,354715825.0,37829905.01,10.665
2016-03-01,60 months,22,17156,354715825.0,40326717.24,11.369
2016-03-01,60 months,23,17156,354715825.0,42567269.67,12.0
2016-03-01,60 months,24,17156,354715825.0,44446717.55,12.53
2016-03-01,60 months,25,17156,354715825.0,46017571.04,12.973
2016-03-01,60 months,26,17156,354715825.0,47657023.11,13.435
2016-03-01,60 months,27,17156,354715825.0,49170817.72,13.862
2016-03-01,60 months,28,17156,354715825.0,50340542.5,14.192
2016-03-01,60 months,29,17156,354715825.0,51641745.47,14.559
2016-03-01,60 months,30,17156,354715825.0,52928259.0,14.921
2016-03-01,60 months,31,17156,354715825.0,53939600.54,15.206
2016-03-01,60 months,32,17156,354715825.0,55353531.05,15.605
2016-03-01,60 months,33,17156,354715825.0,56469303.91,15.92
2016-03-01,60 months,34,17156,354715825.0,57671130.51,16.258
2016-03-01,60 months,35,17156,354715825.0,58470691.48,16.484
2016-03-01,60 months,36,17156,354715825.0,60512640.66,17.059
2016-04-01,36 months,0,28106,365937275.0,0.0,0.0
2016-04-01,36 months,1,28106,365937275.0,0.0,0.0
2016-04-01,36 months,2,28106,365937275.0,0.0,0.0
2016-04-01,36 months,3,28106,365937275.0,0.0,0.0
2016-04-01,36 months,4,28106,365937275.0,0.0,0.0
2016-04-01,36 months,5,28106,365937275.0,462900.0,0.126
2016-04-01,36 months,6,28106,365937275.0,1137305.63,0.311
2016-04-01,36 months,7,28106,365937275.0,2008659.72,0.549
2016-04-01,36 months,8,28106,365937275.0,3320253.99,0.907
2016-04-01,36 months,9,28106,365937275.0,4863576.23,1.329
2016-04-01,36 months,10,28106,365937275.0,6611793.72,1.807
2016-04-01,36 months,11,28106,365937275.0,8367058.58,2.286
2016-04-01,36 months,12,28106,365937275.0,10161807.19,2.777
2016-04-01,36 months,13,28106,365937275.0,12168095.59,3.325
2016-04-01,36 months,14,28106,365937275.0,14213375.17,3.884
2016-04-01,36 months,15,28106,365937275.0,15843636.68,4.33
2016-04-01,36 months,16,28106,365937275.0,17969911.21,4.911
2016-04-01,36 months,17,28106,365937275.0,19674746.04,5.377
2016-04-01,36 months,18,28106,365937275.0,21387300.39,5.845
2016-04-01,36 months,19,28106,365937275.0,23101687.17,6.313
2016-04-01,36 months,20,28106,365937275.0,24596134.13,6.721
2016-04-01,36 months,21,28106,365937275.0,25964636.25,7.095
2016-04-01,36 months,22,28106,365937275.0,27111742.34,7.409
2016-04-01,36 months,23,28106,365937275.0,28235767.63,7.716
2016-04-01,36 months,24,28106,365937275.0,29199260.53,7.979
2016-04-01,36 months,25,28106,365937275.0,30070225.16,8.217
2016-04-01,36 months,26,28106,365937275.0,31003902.63,8.472
2016-04-01,36 months,27,28106,365937275.0,31483513.87,8.604
2016-04-01,36 months,28,28106,365937275.0,32079417.71,8.766
2016-04-01,36 months,29,28106,365937275.0,32597572.73,8.908
2016-04-01,36 months,30,28106,365937275.0,33137476.73,9.056
2016-04-01,36 months,31,28106,365937275.0,33593944.21,9.18
2016-04-01,36 months,32,28106,365937275.0,34021520.74,9.297
2016-04-01,36 months,33,28106,365937275.0,34453099.64,9.415
2016-04-01,36 months,34,28106,365937275.0,34726224.13,9.49
2016-04-01,36 months,35,28106,365937275.0,35454941.86,9.689
2016-04-01,60 months,0,8326,171341000.0,0.0,0.0
2016-04-01,60 months,1,8326,171341000.0,0.0,0.0
2016-04-01,60 months,2,8326,171341000.0,0.0,0.0
2016-04-01,60 months,3,8326,171341000.0,0.0,0.0
2016-04-01,60 months,4,8326,171341000.0,0.0,0.0
2016-04-01,60 months,5,8326,171341000.0,191400.0,0.112
2016-04-01,60 months,6,8326,171341000.0,513237.68,0.3
2016-04-01,60 months,7,8326,171341000.0,1194795.64,0.697
2016-04-01,60 months,8,8326,171341000.0,2038111.39,1.19
2016-04-01,60 months,9,8326,171341000.0,3047912.52,1.779
2016-04-01,60 months,10,8326,171341000.0,4192159.81,2.447
2016-04-01,60 months,11,8326,171341000.0,5548613.89,3.238
2016-04-01,60 months,12,8326,171341000.0,6711735.02,3.917
2016-04-01,60 months,13,8326,171341000.0,7869462.75,4.593
2016-04-01,60 months,14,8326,171341000.0,9025028.15,5.267
2016-04-01,60 months,15,8326,171341000.0,10097955.83,5.893
2016-04-01,60 months,16,8326,171341000.0,11745281.9,6.855
2016-04-01,60 months,17,8326,171341000.0,12585433.0,7.345
2016-04-01,60 months,18,8326,171341000.0,13910871.15,8.119
2016-04-01,60 months,19,8326,171341000.0,15332655.16,8.949
2016-04-01,60 months,20,8326,171341000.0,16428817.64,9.588
2016-04-01,60 months,21,8326,171341000.0,17689304.34,10.324
2016-04-01,60 months,22,8326,171341000.0,18799941.46,10.972
2016-04-01,60 months,23,8326,171341000.0,20009576.59,11.678
2016-04-01,60 months,24,8326,171341000.0,20922874.99,12.211
2016-04-01,60 months,25,8326,171341000.0,21685299.39,12.656
2016-04-01,60 months,26,8326,171341000.0,22537139.92,13.153
2016-04-01,60 months,27,8326,171341000.0,23534911.51,13.736
2016-04-01,60 months,28,8326,171341000.0,24332295.22,14.201
2016-04-01,60 months,29,8326,171341000.0,24846019.38,14.501
2016-04-01,60 months,30,8326,171341000.0,25562799.84,14.919
2016-04-01,60 months,31,8326,171341000.0,26223906.83,15.305
2016-04-01,60 months,32,8326,171341000.0,26777363.98,15.628
2016-04-01,60 months,33,8326,171341000.0,27441316.84,16.016
2016-04-01,60 months,34,8326,171341000.0,27897143.19,16.282
2016-04-01,60 months,35,8326,171341000.0,29043378.62,16.951
2016-05-01,36 months,0,21831,282461225.0,0.0,0.0
2016-05-01,36 months,1,21831,282461225.0,0.0,0.0
2016-05-01,36 months,2,21831,282461225.0,0.0,0.0
2016-05-01,36 months,3,21831,282461225.0,0.0,0.0
2016-05-01,36 months,4,21831,282461225.0,0.0,0.0
2016-05-01,36 months,5,21831,282461225.0,545825.0,0.193
2016-05-01,36 months,6,21831,282461225.0,1149535.06,0.407
2016-05-01,36 months,7,21831,282461225.0,2175838.0,0.77
2016-05-01,36 months,8,21831,282461225.0,3488397.04,1.235
2016-05-01,36 months,9,21831,282461225.0,5145316.32,1.822
2016-05-01,36 months,10,21831,282461225.0,6899777.45,2.443
2016-05-01,36 months,11,21831,282461225.0,8340744.11,2.953
2016-05-01,36 months,12,21831,282461225.0,9990160.94,3.537
2016-05-01,36 months,13,21831,282461225.0,11414722.61,4.041
2016-05-01,36 months,14,21831,282461225.0,12916745.74,4.573
2016-05-01,36 months,15,21831,282461225.0,14556227.53,5.153
2016-05-01,36 months,16,21831,282461225.0,15995878.49,5.663
2016-05-01,36 months,17,21831,282461225.0,17512175.58,6.2
2016-05-01,36 months,18,21831,282461225.0,19091644.07,6.759
2016-05-01,36 months,19,21831,282461225.0,20340987.8,7.201
2016-05-01,36 months,20,21831,282461225.0,21739287.18,7.696
2016-05-01,36 months,21,21831,282461225.0,22699992.45,8.036
2016-05-01,36 months,22,21831,282461225.0,23974623.23,8.488
2016-05-01,36 months,23,21831,282461225.0,25068073.51,8.875
2016-05-01,36 months,24,21831,282461225.0,25848856.78,9.151
2016-05-01,36 months,25,21831,282461225.0,26498757.17,9.381
2016-05-01,36 months,26,21831,282461225.0,27059382.89,9.58
2016-05-01,36 months,27,21831,282461225.0,27584773.03,9.766
2016-05-01,36 months,28,21831,282461225.0,28032609.46,9.924
2016-05-01,36 months,29,21831,282461225.0,28401785.45,10.055
2016-05-01,36 months,30,21831,282461225.0,28811001.31,10.2
2016-05-01,36 months,31,21831,282461225.0,29167535.11,10.326
2016-05-01,36 months,32,21831,282461225.0,29537820.01,10.457
2016-05-01,36 months,33,21831,282461225.0,29788384.17,10.546
2016-05-01,36 months,34,21831,282461225.0,30340552.15,10.741
2016-05-01,60 months,0,6572,135077625.0,0.0,0.0
2016-05-01,60 months,1,6572,135077625.0,0.0,0.0
2016-05-01,60 months,2,6572,135077625.0,0.0,0.0
2016-05-01,60 months,3,6572,135077625.0,0.0,0.0
2016-05-01,60 months,4,6572,135077625.0,0.0,0.0
2016-05-01,60 months,5,6572,135077625.0,155075.0,0.115
2016-05-01,60 months,6,6572,135077625.0,575269.89,0.426
2016-05-01,60 months,7,6572,135077625.0,858729.29,0.636
2016-05-01,60 months,8,6572,135077625.0,1514692.58,1.121
2016-05-01,60 months,9,6572,135077625.0,2343914.14,1.735
2016-05-01,60 months,10,6572,135077625.0,3318691.44,2.457
2016-05-01,60 months,11,6572,135077625.0,3985542.6,2.951
2016-05-01,60 months,12,6572,135077625.0,5042180.09,3.733
2016-05-01,60 months,13,6572,135077625.0,5753907.63,4.26
2016-05-01,60 months,14,6572,135077625.0,6532298.92,4.836
2016-05-01,60 months,15,6572,135077625.0,7635034.24,5.652
2016-05-01,60 months,16,6572,135077625.0,8565130.88,6.341
2016-05-01,60 months,17,6572,135077625.0,9289818.39,6.877
2016-05-01,60 months,18,6572,135077625.0,10303557.19,7.628
2016-05-01,60 months,19,6572,135077625.0,11485517.3,8.503
2016-05-01,60 months,20,6572,135077625.0,12389679.49,9.172
2016-05-01,60 months,21,6572,135077625.0,13091401.14,9.692
2016-05-01,60 months,22,6572,135077625.0,13782433.32,10.203
2016-05-01,60 months,23,6572,135077625.0,14422319.72,10.677
2016-05-01,60 months,24,6572,135077625.0,14984250.81,11.093
2016-05-01,60 months,25,6572,135077625.0,15564647.42,11.523
2016-05-01,60 months,26,6572,135077625.0,16018417.78,11.859
2016-05-01,60 months,27,6572,135077625.0,16394382.81,12.137
2016-05-01,60 months,28,6572,135077625.0,16982877.18,12.573
2016-05-01,60 months,29,6572,135077625.0,17520633.41,12.971
2016-05-01,60 months,30,6572,135077625.0,18115743.31,13.411
2016-05-01,60 months,31,6572,135077625.0,18614580.33,13.781
2016-05-01,60 months,32,6572,135077625.0,19221000.63,14.23
2016-05-01,60 months,33,6572,135077625.0,19661381.78,14.556
2016-05-01,60 months,34,6572,135077625.0,20366864.52,15.078
2016-06-01,36 months,0,24600,318776200.0,0.0,0.0
2016-06-01,36 months,1,24600,318776200.0,0.0,0.0
2016-06-01,36 months,2,24600,318776200.0,0.0,0.0
2016-06-01,36 months,3,24600,318776200.0,0.0,0.0
2016-06-01,36 months,4,24600,318776200.0,0.0,0.0
2016-06-01,36 months,5,24600,318776200.0,407600.0,0.128
2016-06-01,36 months,6,24600,318776200.0,731362.8,0.229
2016-06-01,36 months,7,24600,318776200.0,1535261.29,0.482
2016-06-01,36 months,8,24600,318776200.0,2640171.77,0.828
2016-06-01,36 months,9,24600,318776200.0,3966844.51,1.244
2016-06-01,36 months,10,24600,318776200.0,5364537.36,1.683
2016-06-01,36 months,11,24600,318776200.0,6900967.26,2.165
2016-06-01,36 months,12,24600,318776200.0,8748322.78,2.744
2016-06-01,36 months,13,24600,318776200.0,10248275.73,3.215
2016-06-01,36 months,14,24600,318776200.0,11917653.35,3.739
2016-06-01,36 months,15,24600,318776200.0,13216818.93,4.146
2016-06-01,36 months,16,24600,318776200.0,14788228.03,4.639
2016-06-01,36 months,17,24600,318776200.0,16342270.34,5.127
2016-06-01,36 months,18,24600,318776200.0,17526967.88,5.498
2016-06-01,36 months,19,24600,318776200.0,19092542.41,5.989
2016-06-01,36 months,20,24600,318776200.0,20369750.74,6.39
2016-06-01,36 months,21,24600,318776200.0,21724797.93,6.815
2016-06-01,36 months,22,24600,318776200.0,22784584.62,7.148
2016-06-01,36 months,23,24600,318776200.0,23766252.54,7.455
2016-06-01,36 months,24,24600,318776200.0,24674436.24,7.74
2016-06-01,36 months,25,24600,318776200.0,25236233.93,7.917
2016-06-01,36 months,26,24600,318776200.0,25942278.0,8.138
2016-06-01,36 months,27,24600,318776200.0,26571953.26,8.336
2016-06-01,36 months,28,24600,318776200.0,26947742.09,8.453
2016-06-01,36 months,29,24600,318776200.0,27427574.92,8.604
2016-06-01,36 months,30,24600,318776200.0,27921283.72,8.759
2016-06-01,36 months,31,24600,318776200.0,28242765.12,8.86
2016-06-01,36 months,32,24600,318776200.0,28547456.17,8.955
2016-06-01,36 months,33,24600,318776200.0,29230286.15,9.17
2016-06-01,60 months,0,8419,169819650.0,0.0,0.0
2016-06-01,60 months,1,8419,169819650.0,0.0,0.0
2016-06-01,60 months,2,8419,169819650.0,0.0,0.0
2016-06-01,60 months,3,8419,169819650.0,0.0,0.0
2016-06-01,60 months,4,8419,169819650.0,0.0,0.0
2016-06-01,60 months,5,8419,169819650.0,205975.0,0.121
2016-06-01,60 months,6,8419,169819650.0,590849.45,0.348
2016-06-01,60 months,7,8419,169819650.0,1337857.01,0.788
2016-06-01,60 months,8,8419,169819650.0,2256631.93,1.329
2016-06-01,60 months,9,8419,169819650.0,3418706.53,2.013
2016-06-01,60 months,10,8419,169819650.0,4728070.02,2.784
2016-06-01,60 months,11,8419,169819650.0,6251227.5,3.681
2016-06-01,60 months,12,8419,169819650.0,7792864.15,4.589
2016-06-01,60 months,13,8419,169819650.0,9164318.69,5.397
2016-06-01,60 months,14,8419,169819650.0,10776122.93,6.346
2016-06-01,60 months,15,8419,169819650.0,12314091.36,7.251
2016-06-01,60 months,16,8419,169819650.0,13649161.77,8.037
2016-06-01,60 months,17,8419,169819650.0,15472234.6,9.111
2016-06-01,60 months,18,8419,169819650.0,16712756.07,9.841
2016-06-01,60 months,19,8419,169819650.0,17881377.46,10.53
2016-06-01,60 months,20,8419,169819650.0,19061186.77,11.224
2016-06-01,60 months,21,8419,169819650.0,20136870.82,11.858
2016-06-01,60 months,22,8419,169819650.0,21088851.56,12.418
2016-06-01,60 months,23,8419,169819650.0,21776753.14,12.823
2016-06-01,60 months,24,8419,169819650.0,22773387.18,13.41
2016-06-01,60 months,25,8419,169819650.0,23448564.25,13.808
2016-06-01,60 months,26,8419,169819650.0,24315305.54,14.318
2016-06-01,60 months,27,8419,169819650.0,25002195.32,14.723
2016-06-01,60 months,28,8419,169819650.0,25780091.21,15.181
2016-06-01,60 months,29,8419,169819650.0,26412081.21,15.553
2016-06-01,60 months,30,8419,169819650.0,26969959.69,15.882
2016-06-01,60 months,31,8419,169819650.0,27642880.94,16.278
2016-06-01,60 months,32,8419,169819650.0,28113174.97,16.555
2016-06-01,60 months,33,8419,169819650.0,29344487.88,17.28
2016-07-01,36 months,0,25375,305678825.0,0.0,0.0
2016-07-01,36 months,1,25375,305678825.0,0.0,0.0
2016-07-01,36 months,2,25375,305678825.0,0.0,0.0
2016-07-01,36 months,3,25375,305678825.0,0.0,0.0
2016-07-01,36 months,4,25375,305678825.0,0.0,0.0
2016-07-01,36 months,5,25375,305678825.0,517725.0,0.169
2016-07-01,36 months,6,25375,305678825.0,1098395.83,0.359
2016-07-01,36 months,7,25375,305678825.0,2130530.01,0.697
2016-07-01,36 months,8,25375,305678825.0,3532694.95,1.156
2016-07-01,36 months,9,25375,305678825.0,5098085.64,1.668
2016-07-01,36 months,10,25375,305678825.0,6476752.09,2.119
2016-07-01,36 months,11,25375,305678825.0,8535984.36,2.792
2016-07-01,36 months,12,25375,305678825.0,9678052.07,3.166
2016-07-01,36 months,13,25375,305678825.0,11441428.55,3.743
2016-07-01,36 months,14,25375,305678825.0,13200731.89,4.318
2016-07-01,36 months,15,25375,305678825.0,14782668.9,4.836
2016-07-01,36 months,16,25375,305678825.0,16733751.76,5.474
2016-07-01,36 months,17,25375,305678825.0,18664123.97,6.106
2016-07-01,36 months,18,25375,305678825.0,20529727.71,6.716
2016-07-01,36 months,19,25375,305678825.0,21989986.74,7.194
2016-07-01,36 months,20,25375,305678825.0,23285786.41,7.618
2016-07-01,36 months,21,25375,305678825.0,24589197.17,8.044
2016-07-01,36 months,22,25375,305678825.0,25730482.41,8.417
2016-07-01,36 months,23,25375,305678825.0,27025847.92,8.841
2016-07-01,36 months,24,25375,305678825.0,27819816.16,9.101
2016-07-01,36 months,25,25375,305678825.0,28658792.53,9.375
2016-07-01,36 months,26,25375,305678825.0,29149233.59,9.536
2016-07-01,36 months,27,25375,305678825.0,29683641.26,9.711
2016-07-01,36 months,28,25375,305678825.0,30275300.32,9.904
2016-07-01,36 months,29,25375,305678825.0,30701627.57,10.044
2016-07-01,36 months,30,25375,305678825.0,31167157.56,10.196
2016-07-01,36 months,31,25375,305678825.0,31538025.06,10.317
2016-07-01,36 months,32,25375,305678825.0,32558319.25,10.651
2016-07-01,60 months,0,9321,182342075.0,0.0,0.0
2016-07-01,60 months,1,9321,182342075.0,0.0,0.0
2016-07-01,60 months,2,9321,182342075.0,0.0,0.0
2016-07-01,60 months,3,9321,182342075.0,0.0,0.0
2016-07-01,60 months,4,9321,182342075.0,0.0,0.0
2016-07-01,60 months,5,9321,182342075.0,265697.15,0.146
2016-07-01,60 months,6,9321,182342075.0,589379.76,0.323
2016-07-01,60 months,7,9321,182342075.0,1211636.01,0.664
2016-07-01,60 months,8,9321,182342075.0,2346756.64,1.287
2016-07-01,60 months,9,9321,182342075.0,3450096.72,1.892
2016-07-01,60 months,10,9321,182342075.0,4636486.45,2.543
2016-07-01,60 months,11,9321,182342075.0,5879475.68,3.224
2016-07-01,60 months,12,9321,182342075.0,7164772.42,3.929
2016-07-01,60 months,13,9321,182342075.0,9312107.64,5.107
2016-07-01,60 months,14,9321,182342075.0,10702814.39,5.87
2016-07-01,60 months,15,9321,182342075.0,12443514.2,6.824
2016-07-01,60 months,16,9321,182342075.0,14258456.63,7.82
2016-07-01,60 months,17,9321,182342075.0,16037784.77,8.795
2016-07-01,60 months,18,9321,182342075.0,17677940.2,9.695
2016-07-01,60 months,19,9321,182342075.0,19039872.23,10.442
2016-07-01,60 months,20,9321,182342075.0,20133123.04,11.041
2016-07-01,60 months,21,9321,182342075.0,21394540.18,11.733
2016-07-01,60 months,22,9321,182342075.0,22346156.99,12.255
2016-07-01,60 months,23,9321,182342075.0,23534276.73,12.907
2016-07-01,60 months,24,9321,182342075.0,24358107.26,13.358
2016-07-01,60 months,25,9321,182342075.0,25331874.73,13.893
2016-07-01,60 months,26,9321,182342075.0,26348176.18,14.45
2016-07-01,60 months,27,9321,182342075.0,27117021.58,14.872
2016-07-01,60 months,28,9321,182342075.0,28165248.89,15.446
2016-07-01,60 months,29,9321,182342075.0,28820626.52,15.806
2016-07-01,60 months,30,9321,182342075.0,29519955.92,16.189
2016-07-01,60 months,31,9321,182342075.0,30108353.34,16.512
2016-07-01,60 months,32,9321,182342075.0,31715287.14,17.393
2016-08-01,36 months,0,27181,334441750.0,0.0,0.0
2016-08-01,36 months,1,27181,334441750.0,0.0,0.0
2016-08-01,36 months,2,27181,334441750.0,0.0,0.0
2016-08-01,36 months,3,27181,334441750.0,0.0,0.0
2016-08-01,36 months,4,27181,334441750.0,0.0,0.0
2016-08-01,36 months,5,27181,334441750.0,603475.0,0.18
2016-08-01,36 months,6,27181,334441750.0,1170704.72,0.35
2016-08-01,36 months,7,27181,334441750.0,2283807.95,0.683
2016-08-01,36 months,8,27181,334441750.0,3395179.43,1.015
2016-08-01,36 months,9,27181,334441750.0,4798223.66,1.435
2016-08-01,36 months,10,27181,334441750.0,6568121.98,1.964
2016-08-01,36 months,11,27181,334441750.0,8123725.68,2.429
2016-08-01,36 months,12,27181,334441750.0,10696929.27,3.198
2016-08-01,36 months,13,27181,334441750.0,12759080.9,3.815
2016-08-01,36 months,14,27181,334441750.0,14715640.61,4.4
2016-08-01,36 months,15,27181,334441750.0,16774271.93,5.016
2016-08-01,36 months,16,27181,334441750.0,18794805.06,5.62
2016-08-01,36 months,17,27181,334441750.0,20816998.65,6.224
2016-08-01,36 months,18,27181,334441750.0,22571332.48,6.749
2016-08-01,36 months,19,27181,334441750.0,24306157.5,7.268
2016-08-01,36 months,20,27181,334441750.0,25853353.35,7.73
2016-08-01,36 months,21,27181,334441750.0,27242335.25,8.146
2016-08-01,36 months,22,27181,334441750.0,28483232.94,8.517
2016-08-01,36 months,23,27181,334441750.0,29406837.97,8.793
2016-08-01,36 months,24,27181,334441750.0,30434667.45,9.1
2016-08-01,36 months,25,27181,334441750.0,31196862.62,9.328
2016-08-01,36 months,26,27181,334441750.0,31945200.44,9.552
2016-08-01,36 months,27,27181,334441750.0,32633904.92,9.758
2016-08-01,36 months,28,27181,334441750.0,33295284.64,9.955
2016-08-01,36 months,29,27181,334441750.0,33874046.5,10.129
2016-08-01,36 months,30,27181,334441750.0,34411303.16,10.289
2016-08-01,36 months,31,27181,334441750.0,35575325.16,10.637
2016-08-01,60 months,0,9099,182611900.0,0.0,0.0
2016-08-01,60 months,1,9099,182611900.0,0.0,0.0
2016-08-01,60 months,2,9099,182611900.0,0.0,0.0
2016-08-01,60 months,3,9099,182611900.0,0.0,0.0
2016-08-01,60 months,4,9099,182611900.0,0.0,0.0
2016-08-01,60 months,5,9099,182611900.0,124352.12,0.068
2016-08-01,60 months,6,9099,182611900.0,314173.41,0.172
2016-08-01,60 months,7,9099,182611900.0,894411.93,0.49
2016-08-01,60 months,8,9099,182611900.0,1850062.98,1.013
2016-08-01,60 months,9,9099,182611900.0,2831967.73,1.551
2016-08-01,60 months,10,9099,182611900.0,3967164.06,2.172
2016-08-01,60 months,11,9099,182611900.0,5154521.48,2.823
2016-08-01,60 months,12,9099,182611900.0,7170556.92,3.927
2016-08-01,60 months,13,9099,182611900.0,8707003.5,4.768
2016-08-01,60 months,14,9099,182611900.0,10332537.99,5.658
2016-08-01,60 months,15,9099,182611900.0,12379887.18,6.779
2016-08-01,60 months,16,9099,182611900.0,13758099.61,7.534
2016-08-01,60 months,17,9099,182611900.0,15348580.54,8.405
2016-08-01,60 months,18,9099,182611900.0,16905064.21,9.257
2016-08-01,60 months,19,9099,182611900.0,18181322.86,9.956
2016-08-01,60 months,20,9099,182611900.0,19492661.67,10.674
2016-08-01,60 months,21,9099,182611900.0,20842380.54,11.413
2016-08-01,60 months,22,9099,182611900.0,22218269.58,12.167
2016-08-01,60 months,23,9099,182611900.0,22882527.06,12.531
2016-08-01,60 months,24,9099,182611900.0,23865059.53,13.069
2016-08-01,60 months,25,9099,182611900.0,24727882.71,13.541
2016-08-01,60 months,26,9099,182611900.0,25727756.43,14.089
2016-08-01,60 months,27,9099,182611900.0,26486885.22,14.504
2016-08-01,60 months,28,9099,182611900.0,27664986.91,15.15
2016-08-01,60 months,29,9099,182611900.0,28494987.91,15.604
2016-08-01,60 months,30,9099,182611900.0,29263263.25,16.025
2016-08-01,60 months,31,9099,182611900.0,30889262.23,16.915
2016-09-01,36 months,0,21342,260447175.0,0.0,0.0
2016-09-01,36 months,1,21342,260447175.0,0.0,0.0
2016-09-01,36 months,2,21342,260447175.0,0.0,0.0
2016-09-01,36 months,3,21342,260447175.0,0.0,0.0
2016-09-01,36 months,4,21342,260447175.0,0.0,0.0
2016-09-01,36 months,5,21342,260447175.0,357925.0,0.137
2016-09-01,36 months,6,21342,260447175.0,820541.31,0.315
2016-09-01,36 months,7,21342,260447175.0,1507714.66,0.579
2016-09-01,36 months,8,21342,260447175.0,2493901.59,0.958
2016-09-01,36 months,9,21342,260447175.0,3471219.3,1.333
2016-09-01,36 months,10,21342,260447175.0,4508135.44,1.731
2016-09-01,36 months,11,21342,260447175.0,6364670.13,2.444
2016-09-01,36 months,12,21342,260447175.0,7927583.69,3.044
2016-09-01,36 months,13,21342,260447175.0,9407638.37,3.612
2016-09-01,36 months,14,21342,260447175.0,10961829.32,4.209
2016-09-01,36 months,15,21342,260447175.0,12413961.31,4.766
2016-09-01,36 months,16,21342,260447175.0,14305584.24,5.493
2016-09-01,36 months,17,21342,260447175.0,15598403.69,5.989
2016-09-01,36 months,18,21342,260447175.0,16885020.13,6.483
2016-09-01,36 months,19,21342,260447175.0,17998210.73,6.911
2016-09-01,36 months,20,21342,260447175.0,18941711.81,7.273
2016-09-01,36 months,21,21342,260447175.0,20036120.75,7.693
2016-09-01,36 months,22,21342,260447175.0,20706560.75,7.95
2016-09-01,36 months,23,21342,260447175.0,21579431.12,8.286
2016-09-01,36 months,24,21342,260447175.0,22109157.77,8.489
2016-09-01,36 months,25,21342,260447175.0,22754884.19,8.737
2016-09-01,36 months,26,21342,260447175.0,23313475.22,8.951
2016-09-01,36 months,27,21342,260447175.0,23885731.7,9.171
2016-09-01,36 months,28,21342,260447175.0,24369970.18,9.357
2016-09-01,36 months,29,21342,260447175.0,24862648.72,9.546
2016-09-01,36 months,30,21342,260447175.0,26040917.28,9.999
2016-09-01,60 months,0,6802,139065225.0,0.0,0.0
2016-09-01,60 months,1,6802,139065225.0,0.0,0.0
2016-09-01,60 months,2,6802,139065225.0,0.0,0.0
2016-09-01,60 months,3,6802,139065225.0,0.0,0.0
2016-09-01,60 months,4,6802,139065225.0,0.0,0.0
2016-09-01,60 months,5,6802,139065225.0,152050.0,0.109
2016-09-01,60 months,6,6802,139065225.0,402497.05,0.289
2016-09-01,60 months,7,6802,139065225.0,826005.38,0.594
2016-09-01,60 months,8,6802,139065225.0,1536612.72,1.105
2016-09-01,60 months,9,6802,139065225.0,2476546.29,1.781
2016-09-01,60 months,10,6802,139065225.0,3501601.7,2.518
2016-09-01,60 months,11,6802,139065225.0,4820859.92,3.467
2016-09-01,60 months,12,6802,139065225.0,6031621.96,4.337
2016-09-01,60 months,13,6802,139065225.0,7361098.2,5.293
2016-09-01,60 months,14,6802,139065225.0,8749082.67,6.291
2016-09-01,60 months,15,6802,139065225.0,9859925.4,7.09
2016-09-01,60 months,16,6802,139065225.0,11233076.27,8.078
2016-09-01,60 months,17,6802,139065225.0,12252403.52,8.811
2016-09-01,60 months,18,6802,139065225.0,13648392.91,9.814
2016-09-01,60 months,19,6802,139065225.0,14773845.56,10.624
2016-09-01,60 months,20,6802,139065225.0,15494608.67,11.142
2016-09-01,60 months,21,6802,139065225.0,16429576.94,11.814
2016-09-01,60 months,22,6802,139065225.0,17043218.95,12.256
2016-09-01,60 months,23,6802,139065225.0,17829053.51,12.821
2016-09-01,60 months,24,6802,139065225.0,18594922.26,13.371
2016-09-01,60 months,25,6802,139065225.0,19281610.8,13.865
2016-09-01,60 months,26,6802,139065225.0,19870872.56,14.289
2016-09-01,60 months,27,6802,139065225.0,20610899.5,14.821
2016-09-01,60 months,28,6802,139065225.0,21055682.01,15.141
2016-09-01,60 months,29,6802,139065225.0,21618067.84,15.545
2016-09-01,60 months,30,6802,139065225.0,23135581.85,16.636
2016-10-01,36 months,0,24746,300991600.0,0.0,0.0
2016-10-01,36 months,1,24746,300991600.0,0.0,0.0
2016-10-01,36 months,2,24746,300991600.0,0.0,0.0
2016-10-01,36 months,3,24746,300991600.0,0.0,0.0
2016-10-01,36 months,4,24746,300991600.0,0.0,0.0
2016-10-01,36 months,5,24746,300991600.0,280975.0,0.093
2016-10-01,36 months,6,24746,300991600.0,732760.46,0.243
2016-10-01,36 months,7,24746,300991600.0,1420181.78,0.472
2016-10-01,36 months,8,24746,300991600.0,2288091.47,0.76
2016-10-01,36 months,9,24746,300991600.0,3214504.12,1.068
2016-10-01,36 months,10,24746,300991600.0,5070092.87,1.684
2016-10-01,36 months,11,24746,300991600.0,6543166.03,2.174
2016-10-01,36 months,12,24746,300991600.0,8303784.0,2.759
2016-10-01,36 months,13,24746,300991600.0,9972520.92,3.313
2016-10-01,36 months,14,24746,300991600.0,11498120.43,3.82
2016-10-01,36 months,15,24746,300991600.0,13010177.19,4.322
2016-10-01,36 months,16,24746,300991600.0,14478885.99,4.81
2016-10-01,36 months,17,24746,300991600.0,16122187.85,5.356
2016-10-01,36 months,18,24746,300991600.0,17396268.32,5.78
2016-10-01,36 months,19,24746,300991600.0,18514046.72,6.151
2016-10-01,36 months,20,24746,300991600.0,19657949.13,6.531
2016-10-01,36 months,21,24746,300991600.0,20367194.35,6.767
2016-10-01,36 months,22,24746,300991600.0,21311858.71,7.081
2016-10-01,36 months,23,24746,300991600.0,21968812.79,7.299
2016-10-01,36 months,24,24746,300991600.0,22673200.23,7.533
2016-10-01,36 months,25,24746,300991600.0,23312866.08,7.745
2016-10-01,36 months,26,24746,300991600.0,23925807.01,7.949
2016-10-01,36 months,27,24746,300991600.0,24401966.12,8.107
2016-10-01,36 months,28,24746,300991600.0,24725827.15,8.215
2016-10-01,36 months,29,24746,300991600.0,26091908.89,8.669
2016-10-01,60 months,0,8026,163769075.0,0.0,0.0
2016-10-01,60 months,1,8026,163769075.0,0.0,0.0
2016-10-01,60 months,2,8026,163769075.0,0.0,0.0
2016-10-01,60 months,3,8026,163769075.0,0.0,0.0
2016-10-01,60 months,4,8026,163769075.0,0.0,0.0
2016-10-01,60 months,5,8026,163769075.0,109400.0,0.067
2016-10-01,60 months,6,8026,163769075.0,260772.36,0.159
2016-10-01,60 months,7,8026,163769075.0,687009.75,0.419
2016-10-01,60 months,8,8026,163769075.0,1309773.47,0.8
2016-10-01,60 months,9,8026,163769075.0,1875964.08,1.145
2016-10-01,60 months,10,8026,163769075.0,2917504.12,1.781
2016-10-01,60 months,11,8026,163769075.0,3716547.03,2.269
2016-10-01,60 months,12,8026,163769075.0,4716090.13,2.88
2016-10-01,60 months,13,8026,163769075.0,5839348.78,3.566
2016-10-01,60 months,14,8026,163769075.0,7166796.11,4.376
2016-10-01,60 months,15,8026,163769075.0,8505870.96,5.194
2016-10-01,60 months,16,8026,163769075.0,9686789.75,5.915
2016-10-01,60 months,17,8026,163769075.0,11257770.5,6.874
2016-10-01,60 months,18,8026,163769075.0,12373214.31,7.555
2016-10-01,60 months,19,8026,163769075.0,13188946.61,8.053
2016-10-01,60 months,20,8026,163769075.0,14169807.86,8.652
2016-10-01,60 months,21,8026,163769075.0,14835487.0,9.059
2016-10-01,60 months,22,8026,163769075.0,15771344.69,9.63
2016-10-01,60 months,23,8026,163769075.0,16650125.26,10.167
2016-10-01,60 months,24,8026,163769075.0,17408402.92,10.63
2016-10-01,60 months,25,8026,163769075.0,18048470.75,11.021
2016-10-01,60 months,26,8026,163769075.0,18907199.26,11.545
2016-10-01,60 months,27,8026,163769075.0,19732358.2,12.049
2016-10-01,60 months,28,8026,163769075.0,20346127.67,12.424
2016-10-01,60 months,29,8026,163769075.0,22083353.45,13.484
2016-11-01,36 months,0,26209,321047650.0,0.0,0.0
2016-11-01,36 months,1,26209,321047650.0,0.0,0.0
2016-11-01,36 months,2,26209,321047650.0,0.0,0.0
2016-11-01,36 months,3,26209,321047650.0,0.0,0.0
2016-11-01,36 months,4,26209,321047650.0,0.0,0.0
2016-11-01,36 months,5,26209,321047650.0,481550.0,0.15
2016-11-01,36 months,6,26209,321047650.0,1080591.34,0.337
2016-11-01,36 months,7,26209,321047650.0,1903276.42,0.593
2016-11-01,36 months,8,26209,321047650.0,2878666.59,0.897
2016-11-01,36 months,9,26209,321047650.0,3987363.58,1.242
2016-11-01,36 months,10,26209,321047650.0,5531375.0,1.723
2016-11-01,36 months,11,26209,321047650.0,7341653.22,2.287
2016-11-01,36 months,12,26209,321047650.0,8917342.4,2.778
2016-11-01,36 months,13,26209,321047650.0,10686952.11,3.329
2016-11-01,36 months,14,26209,321047650.0,12580809.38,3.919
2016-11-01,36 months,15,26209,321047650.0,14168120.51,4.413
2016-11-01,36 months,16,26209,321047650.0,16029264.45,4.993
2016-11-01,36 months,17,26209,321047650.0,17589879.24,5.479
2016-11-01,36 months,18,26209,321047650.0,18955662.82,5.904
2016-11-01,36 months,19,26209,321047650.0,20282215.68,6.318
2016-11-01,36 months,20,26209,321047650.0,21369795.23,6.656
2016-11-01,36 months,21,26209,321047650.0,22373369.17,6.969
2016-11-01,36 months,22,26209,321047650.0,23566551.02,7.341
2016-11-01,36 months,23,26209,321047650.0,24515014.41,7.636
2016-11-01,36 months,24,26209,321047650.0,25264575.9,7.869
2016-11-01,36 months,25,26209,321047650.0,26117685.8,8.135
2016-11-01,36 months,26,26209,321047650.0,26898963.71,8.378
2016-11-01,36 months,27,26209,321047650.0,27524282.87,8.573
2016-11-01,36 months,28,26209,321047650.0,29060084.46,9.052
2016-11-01,60 months,0,8382,171643475.0,0.0,0.0
2016-11-01,60 months,1,8382,171643475.0,0.0,0.0
2016-11-01,60 months,2,8382,171643475.0,0.0,0.0
2016-11-01,60 months,3,8382,171643475.0,0.0,0.0
2016-11-01,60 months,4,8382,171643475.0,0.0,0.0
2016-11-01,60 months,5,8382,171643475.0,125350.0,0.073
2016-11-01,60 months,6,8382,171643475.0,407129.28,0.237
2016-11-01,60 months,7,8382,171643475.0,897153.83,0.523
2016-11-01,60 months,8,8382,171643475.0,1714229.46,0.999
2016-11-01,60 months,9,8382,171643475.0,2489849.91,1.451
2016-11-01,60 months,10,8382,171643475.0,3726736.94,2.171
2016-11-01,60 months,11,8382,171643475.0,4858081.12,2.83
2016-11-01,60 months,12,8382,171643475.0,6222739.64,3.625
2016-11-01,60 months,13,8382,171643475.0,7556904.67,4.403
2016-11-01,60 months,14,8382,171643475.0,9152937.48,5.333
2016-11-01,60 months,15,8382,171643475.0,10394256.13,6.056
2016-11-01,60 months,16,8382,171643475.0,11635201.9,6.779
2016-11-01,60 months,17,8382,171643475.0,12765435.2,7.437
2016-11-01,60 months,18,8382,171643475.0,13612297.94,7.931
2016-11-01,60 months,19,8382,171643475.0,15230116.31,8.873
2016-11-01,60 months,20,8382,171643475.0,15998267.82,9.321
2016-11-01,60 months,21,8382,171643475.0,16879142.14,9.834
2016-11-01,60 months,22,8382,171643475.0,17845947.86,10.397
2016-11-01,60 months,23,8382,171643475.0,18696433.52,10.893
2016-11-01,60 months,24,8382,171643475.0,19836530.75,11.557
2016-11-01,60 months,25,8382,171643475.0,20769301.57,12.1
2016-11-01,60 months,26,8382,171643475.0,21705038.8,12.645
2016-11-01,60 months,27,8382,171643475.0,22421910.97,13.063
2016-11-01,60 months,28,8382,171643475.0,24146455.16,14.068
2016-12-01,36 months,0,27985,341186350.0,0.0,0.0
2016-12-01,36 months,1,27985,341186350.0,0.0,0.0
2016-12-01,36 months,2,27985,341186350.0,0.0,0.0
2016-12-01,36 months,3,27985,341186350.0,0.0,0.0
2016-12-01,36 months,4,27985,341186350.0,0.0,0.0
2016-12-01,36 months,5,27985,341186350.0,388350.0,0.114
2016-12-01,36 months,6,27985,341186350.0,1050036.35,0.308
2016-12-01,36 months,7,27985,341186350.0,2093325.75,0.614
2016-12-01,36 months,8,27985,341186350.0,3445416.6,1.01
2016-12-01,36 months,9,27985,341186350.0,4731960.14,1.387
2016-12-01,36 months,10,27985,341186350.0,6480937.56,1.9
2016-12-01,36 months,11,27985,341186350.0,8501203.64,2.492
2016-12-01,36 months,12,27985,341186350.0,10449589.02,3.063
2016-12-01,36 months,13,27985,341186350.0,13017260.61,3.815
2016-12-01,36 months,14,27985,341186350.0,14845522.64,4.351
2016-12-01,36 months,15,27985,341186350.0,16673655.85,4.887
2016-12-01,36 months,16,27985,341186350.0,18828589.48,5.519
2016-12-01,36 months,17,27985,341186350.0,20504658.91,6.01
2016-12-01,36 months,18,27985,341186350.0,22241770.56,6.519
2016-12-01,36 months,19,27985,341186350.0,23512574.1,6.891
2016-12-01,36 months,20,27985,341186350.0,24976931.59,7.321
2016-12-01,36 months,21,27985,341186350.0,26008969.92,7.623
2016-12-01,36 months,22,27985,341186350.0,27141612.14,7.955
2016-12-01,36 months,23,27985,341186350.0,28154121.75,8.252
2016-12-01,36 months,24,27985,341186350.0,29169751.52,8.55
2016-12-01,36 months,25,27985,341186350.0,30193227.71,8.849
2016-12-01,36 months,26,27985,341186350.0,31025359.35,9.093
2016-12-01,36 months,27,27985,341186350.0,32646906.52,9.569
2016-12-01,60 months,0,8198,166686425.0,0.0,0.0
2016-12-01,60 months,1,8198,166686425.0,0.0,0.0
2016-12-01,60 months,2,8198,166686425.0,0.0,0.0
2016-12-01,60 months,3,8198,166686425.0,0.0,0.0
2016-12-01,60 months,4,8198,166686425.0,0.0,0.0
2016-12-01,60 months,5,8198,166686425.0,210000.0,0.126
2016-12-01,60 months,6,8198,166686425.0,631770.82,0.379
2016-12-01,60 months,7,8198,166686425.0,1002217.76,0.601
2016-12-01,60 months,8,8198,166686425.0,1968294.13,1.181
2016-12-01,60 months,9,8198,166686425.0,2704659.23,1.623
2016-12-01,60 months,10,8198,166686425.0,3655952.44,2.193
2016-12-01,60 months,11,8198,166686425.0,5267995.88,3.16
2016-12-01,60 months,12,8198,166686425.0,6773881.76,4.064
2016-12-01,60 months,13,8198,166686425.0,8181775.23,4.908
2016-12-01,60 months,14,8198,166686425.0,9429594.39,5.657
2016-12-01,60 months,15,8198,166686425.0,11022756.08,6.613
2016-12-01,60 months,16,8198,166686425.0,12509790.47,7.505
2016-12-01,60 months,17,8198,166686425.0,13533099.22,8.119
2016-12-01,60 months,18,8198,166686425.0,14929323.51,8.957
2016-12-01,60 months,19,8198,166686425.0,15930657.57,9.557
2016-12-01,60 months,20,8198,166686425.0,16975703.0,10.184
2016-12-01,60 months,21,8198,166686425.0,18038940.06,10.822
2016-12-01,60 months,22,8198,166686425.0,19085558.36,11.45
2016-12-01,60 months,23,8198,166686425.0,19981917.87,11.988
2016-12-01,60 months,24,8198,166686425.0,20952221.03,12.57
2016-12-01,60 months,25,8198,166686425.0,21650355.72,12.989
2016-12-01,60 months,26,8198,166686425.0,22479180.54,13.486
2016-12-01,60 months,27,8198,166686425.0,24265944.13,14.558
2017-01-01,36 months,0,24152,311840500.0,0.0,0.0
2017-01-01,36 months,1,24152,311840500.0,0.0,0.0
2017-01-01,36 months,2,24152,311840500.0,0.0,0.0
2017-01-01,36 months,3,24152,311840500.0,0.0,0.0
2017-01-01,36 months,4,24152,311840500.0,0.0,0.0
2017-01-01,36 months,5,24152,311840500.0,361875.0,0.116
2017-01-01,36 months,6,24152,311840500.0,736203.54,0.236
2017-01-01,36 months,7,24152,311840500.0,1547985.35,0.496
2017-01-01,36 months,8,24152,311840500.0,2630950.5,0.844
2017-01-01,36 months,9,24152,311840500.0,3645563.04,1.169
2017-01-01,36 months,10,24152,311840500.0,5145993.11,1.65
2017-01-01,36 months,11,24152,311840500.0,6757911.24,2.167
2017-01-01,36 months,12,24152,311840500.0,8654704.98,2.775
2017-01-01,36 months,13,24152,311840500.0,9879228.84,3.168
2017-01-01,36 months,14,24152,311840500.0,11675010.71,3.744
2017-01-01,36 months,15,24152,311840500.0,13253023.38,4.25
2017-01-01,36 months,16,24152,311840500.0,14456125.44,4.636
2017-01-01,36 months,17,24152,311840500.0,15933042.74,5.109
2017-01-01,36 months,18,24152,311840500.0,17231124.39,5.526
2017-01-01,36 months,19,24152,311840500.0,18721541.38,6.004
2017-01-01,36 months,20,24152,311840500.0,19748003.7,6.333
2017-01-01,36 months,21,24152,311840500.0,20838351.09,6.682
2017-01-01,36 months,22,24152,311840500.0,21959030.74,7.042
2017-01-01,36 months,23,24152,311840500.0,22703300.04,7.28
2017-01-01,36 months,24,24152,311840500.0,23543489.15,7.55
2017-01-01,36 months,25,24152,311840500.0,24164159.06,7.749
2017-01-01,36 months,26,24152,311840500.0,25896972.4,8.305
2017-01-01,60 months,0,7683,158560450.0,0.0,0.0
2017-01-01,60 months,1,7683,158560450.0,0.0,0.0
2017-01-01,60 months,2,7683,158560450.0,0.0,0.0
2017-01-01,60 months,3,7683,158560450.0,0.0,0.0
2017-01-01,60 months,4,7683,158560450.0,0.0,0.0
2017-01-01,60 months,5,7683,158560450.0,135375.0,0.085
2017-01-01,60 months,6,7683,158560450.0,322144.8,0.203
2017-01-01,60 months,7,7683,158560450.0,921710.72,0.581
2017-01-01,60 months,8,7683,158560450.0,1447075.55,0.913
2017-01-01,60 months,9,7683,158560450.0,2499636.0,1.576
2017-01-01,60 months,10,7683,158560450.0,3429443.88,2.163
2017-01-01,60 months,11,7683,158560450.0,4223609.53,2.664
2017-01-01,60 months,12,7683,158560450.0,5099934.47,3.216
2017-01-01,60 months,13,7683,158560450.0,6436784.5,4.06
2017-01-01,60 months,14,7683,158560450.0,7550885.35,4.762
2017-01-01,60 months,15,7683,158560450.0,8514439.29,5.37
2017-01-01,60 months,16,7683,158560450.0,9786950.54,6.172
2017-01-01,60 months,17,7683,158560450.0,11101168.74,7.001
2017-01-01,60 months,18,7683,158560450.0,11870226.68,7.486
2017-01-01,60 months,19,7683,158560450.0,12902721.22,8.137
2017-01-01,60 months,20,7683,158560450.0,13864679.04,8.744
2017-01-01,60 months,21,7683,158560450.0,14756412.97,9.306
2017-01-01,60 months,22,7683,158560450.0,15799079.37,9.964
2017-01-01,60 months,23,7683,158560450.0,16835072.77,10.617
2017-01-01,60 months,24,7683,158560450.0,17770958.98,11.208
2017-01-01,60 months,25,7683,158560450.0,18356525.21,11.577
2017-01-01,60 months,26,7683,158560450.0,19785801.49,12.478
2017-02-01,36 months,0,20453,264776275.0,0.0,0.0
2017-02-01,36 months,1,20453,264776275.0,0.0,0.0
2017-02-01,36 months,2,20453,264776275.0,0.0,0.0
2017-02-01,36 months,3,20453,264776275.0,0.0,0.0
2017-02-01,36 months,4,20453,264776275.0,0.0,0.0
2017-02-01,36 months,5,20453,264776275.0,316125.0,0.119
2017-02-01,36 months,6,20453,264776275.0,628292.3,0.237
2017-02-01,36 months,7,20453,264776275.0,1278547.63,0.483
2017-02-01,36 months,8,20453,264776275.0,1935062.91,0.731
2017-02-01,36 months,9,20453,264776275.0,2762103.16,1.043
2017-02-01,36 months,10,20453,264776275.0,3874718.51,1.463
2017-02-01,36 months,11,20453,264776275.0,5267144.02,1.989
2017-02-01,36 months,12,20453,264776275.0,6340733.21,2.395
2017-02-01,36 months,13,20453,264776275.0,7772227.43,2.935
2017-02-01,36 months,14,20453,264776275.0,9014677.34,3.405
2017-02-01,36 months,15,20453,264776275.0,10200692.07,3.853
2017-02-01,36 months,16,20453,264776275.0,11500893.9,4.344
2017-02-01,36 months,17,20453,264776275.0,12645751.12,4.776
2017-02-01,36 months,18,20453,264776275.0,13755511.89,5.195
2017-02-01,36 months,19,20453,264776275.0,14892588.67,5.625
2017-02-01,36 months,20,20453,264776275.0,15752669.21,5.949
2017-02-01,36 months,21,20453,264776275.0,16870915.99,6.372
2017-02-01,36 months,22,20453,264776275.0,17753068.01,6.705
2017-02-01,36 months,23,20453,264776275.0,18667514.7,7.05
2017-02-01,36 months,24,20453,264776275.0,19313819.48,7.294
2017-02-01,36 months,25,20453,264776275.0,20774080.65,7.846
2017-02-01,60 months,0,7310,152555200.0,0.0,0.0
2017-02-01,60 months,1,7310,152555200.0,0.0,0.0
2017-02-01,60 months,2,7310,152555200.0,0.0,0.0
2017-02-01,60 months,3,7310,152555200.0,0.0,0.0
2017-02-01,60 months,4,7310,152555200.0,0.0,0.0
2017-02-01,60 months,5,7310,152555200.0,179675.0,0.118
2017-02-01,60 months,6,7310,152555200.0,534955.31,0.351
2017-02-01,60 months,7,7310,152555200.0,953868.81,0.625
2017-02-01,60 months,8,7310,152555200.0,1461081.7,0.958
2017-02-01,60 months,9,7310,152555200.0,2121985.26,1.391
2017-02-01,60 months,10,7310,152555200.0,2837541.09,1.86
2017-02-01,60 months,11,7310,152555200.0,4098001.37,2.686
2017-02-01,60 months,12,7310,152555200.0,5122554.11,3.358
2017-02-01,60 months,13,7310,152555200.0,6212784.58,4.072
2017-02-01,60 months,14,7310,152555200.0,7291639.79,4.78
2017-02-01,60 months,15,7310,152555200.0,8336633.83,5.465
2017-02-01,60 months,16,7310,152555200.0,9723927.08,6.374
2017-02-01,60 months,17,7310,152555200.0,10680320.22,7.001
2017-02-01,60 months,18,7310,152555200.0,11706638.83,7.674
2017-02-01,60 months,19,7310,152555200.0,12624257.15,8.275
2017-02-01,60 months,20,7310,152555200.0,13535298.84,8.872
2017-02-01,60 months,21,7310,152555200.0,14255975.89,9.345
2017-02-01,60 months,22,7310,152555200.0,15019262.76,9.845
2017-02-01,60 months,23,7310,152555200.0,15868155.72,10.402
2017-02-01,60 months,24,7310,152555200.0,16682601.85,10.935
2017-02-01,60 months,25,7310,152555200.0,18067958.55,11.844
2017-03-01,36 months,0,27805,355284925.0,0.0,0.0
2017-03-01,36 months,1,27805,355284925.0,0.0,0.0
2017-03-01,36 months,2,27805,355284925.0,0.0,0.0
2017-03-01,36 months,3,27805,355284925.0,0.0,0.0
2017-03-01,36 months,4,27805,355284925.0,0.0,0.0
2017-03-01,36 months,5,27805,355284925.0,561375.0,0.158
2017-03-01,36 months,6,27805,355284925.0,945095.96,0.266
2017-03-01,36 months,7,27805,355284925.0,1633609.25,0.46
2017-03-01,36 months,8,27805,355284925.0,2737226.65,0.77
2017-03-01,36 months,9,27805,355284925.0,4183052.73,1.177
2017-03-01,36 months,10,27805,355284925.0,5705212.09,1.606
2017-03-01,36 months,11,27805,355284925.0,7146571.46,2.012
2017-03-01,36 months,12,27805,355284925.0,8901143.94,2.505
2017-03-01,36 months,13,27805,355284925.0,10487926.64,2.952
2017-03-01,36 months,14,27805,355284925.0,11711261.96,3.296
2017-03-01,36 months,15,27805,355284925.0,13463430.77,3.789
2017-03-01,36 months,16,27805,355284925.0,15026855.61,4.23
2017-03-01,36 months,17,27805,355284925.0,16802067.2,4.729
2017-03-01,36 months,18,27805,355284925.0,18205372.55,5.124
2017-03-01,36 months,19,27805,355284925.0,19517684.21,5.494
2017-03-01,36 months,20,27805,355284925.0,20963758.98,5.901
2017-03-01,36 months,21,27805,355284925.0,22494527.39,6.331
2017-03-01,36 months,22,27805,355284925.0,23665201.79,6.661
2017-03-01,36 months,23,27805,355284925.0,24400764.25,6.868
2017-03-01,36 months,24,27805,355284925.0,26142605.96,7.358
2017-03-01,60 months,0,9376,194952125.0,0.0,0.0
2017-03-01,60 months,1,9376,194952125.0,0.0,0.0
2017-03-01,60 months,2,9376,194952125.0,0.0,0.0
2017-03-01,60 months,3,9376,194952125.0,0.0,0.0
2017-03-01,60 months,4,9376,194952125.0,0.0,0.0
2017-03-01,60 months,5,9376,194952125.0,129675.0,0.067
2017-03-01,60 months,6,9376,194952125.0,472665.34,0.242
2017-03-01,60 months,7,9376,194952125.0,1181483.78,0.606
2017-03-01,60 months,8,9376,194952125.0,2135280.16,1.095
2017-03-01,60 months,9,9376,194952125.0,3534753.45,1.813
2017-03-01,60 months,10,9376,194952125.0,4852678.8,2.489
2017-03-01,60 months,11,9376,194952125.0,6472175.67,3.32
2017-03-01,60 months,12,9376,194952125.0,7815453.11,4.009
2017-03-01,60 months,13,9376,194952125.0,9212953.8,4.726
2017-03-01,60 months,14,9376,194952125.0,10414395.41,5.342
2017-03-01,60 months,15,9376,194952125.0,11697687.54,6.0
2017-03-01,60 months,16,9376,194952125.0,13152332.91,6.746
2017-03-01,60 months,17,9376,194952125.0,14657892.74,7.519
2017-03-01,60 months,18,9376,194952125.0,15702712.68,8.055
2017-03-01,60 months,19,9376,194952125.0,17072228.63,8.757
2017-03-01,60 months,20,9376,194952125.0,18320082.86,9.397
2017-03-01,60 months,21,9376,194952125.0,19615280.44,10.062
2017-03-01,60 months,22,9376,194952125.0,20917413.69,10.73
2017-03-01,60 months,23,9376,194952125.0,21814812.6,11.19
2017-03-01,60 months,24,9376,194952125.0,23543954.76,12.077
2017-04-01,36 months,0,21864,272219500.0,0.0,0.0
2017-04-01,36 months,1,21864,272219500.0,0.0,0.0
2017-04-01,36 months,2,21864,272219500.0,0.0,0.0
2017-04-01,36 months,3,21864,272219500.0,0.0,0.0
2017-04-01,36 months,4,21864,272219500.0,0.0,0.0
2017-04-01,36 months,5,21864,272219500.0,383725.0,0.141
2017-04-01,36 months,6,21864,272219500.0,1009428.29,0.371
2017-04-01,36 months,7,21864,272219500.0,1697655.47,0.624
2017-04-01,36 months,8,21864,272219500.0,2696009.74,0.99
2017-04-01,36 months,9,21864,272219500.0,4092471.12,1.503
2017-04-01,36 months,10,21864,272219500.0,5609994.42,2.061
2017-04-01,36 months,11,21864,272219500.0,7421287.74,2.726
2017-04-01,36 months,12,21864,272219500.0,8937187.17,3.283
2017-04-01,36 months,13,21864,272219500.0,10007305.07,3.676
2017-04-01,36 months,14,21864,272219500.0,11313086.65,4.156
2017-04-01,36 months,15,21864,272219500.0,12126526.81,4.455
2017-04-01,36 months,16,21864,272219500.0,13647605.59,5.013
2017-04-01,36 months,17,21864,272219500.0,14866024.98,5.461
2017-04-01,36 months,18,21864,272219500.0,15866171.82,5.828
2017-04-01,36 months,19,21864,272219500.0,16957732.39,6.229
2017-04-01,36 months,20,21864,272219500.0,18160039.16,6.671
2017-04-01,36 months,21,21864,272219500.0,18996685.83,6.978
2017-04-01,36 months,22,21864,272219500.0,19707708.76,7.24
2017-04-01,36 months,23,21864,272219500.0,21101020.58,7.751
2017-04-01,60 months,0,7819,165711225.0,0.0,0.0
2017-04-01,60 months,1,7819,165711225.0,0.0,0.0
2017-04-01,60 months,2,7819,165711225.0,0.0,0.0
2017-04-01,60 months,3,7819,165711225.0,0.0,0.0
2017-04-01,60 months,4,7819,165711225.0,0.0,0.0
2017-04-01,60 months,5,7819,165711225.0,179200.0,0.108
2017-04-01,60 months,6,7819,165711225.0,468686.09,0.283
2017-04-01,60 months,7,7819,165711225.0,1046319.68,0.631
2017-04-01,60 months,8,7819,165711225.0,1780340.32,1.074
2017-04-01,60 months,9,7819,165711225.0,2695718.28,1.627
2017-04-01,60 months,10,7819,165711225.0,3829653.11,2.311
2017-04-01,60 months,11,7819,165711225.0,4801573.35,2.898
2017-04-01,60 months,12,7819,165711225.0,6119711.46,3.693
2017-04-01,60 months,13,7819,165711225.0,7007893.5,4.229
2017-04-01,60 months,14,7819,165711225.0,8495640.2,5.127
2017-04-01,60 months,15,7819,165711225.0,9457453.22,5.707
2017-04-01,60 months,16,7819,165711225.0,10971013.56,6.621
2017-04-01,60 months,17,7819,165711225.0,11958673.33,7.217
2017-04-01,60 months,18,7819,165711225.0,13074224.43,7.89
2017-04-01,60 months,19,7819,165711225.0,14182452.83,8.559
2017-04-01,60 months,20,7819,165711225.0,15245916.83,9.2
2017-04-01,60 months,21,7819,165711225.0,16533164.99,9.977
2017-04-01,60 months,22,7819,165711225.0,17230735.78,10.398
2017-04-01,60 months,23,7819,165711225.0,18739985.35,11.309
2017-05-01,36 months,0,27456,335948275.0,0.0,0.0
2017-05-01,36 months,1,27456,335948275.0,0.0,0.0
2017-05-01,36 months,2,27456,335948275.0,0.0,0.0
2017-05-01,36 months,3,27456,335948275.0,0.0,0.0
2017-05-01,36 months,4,27456,335948275.0,0.0,0.0
2017-05-01,36 months,5,27456,335948275.0,250575.0,0.075
2017-05-01,36 months,6,27456,335948275.0,748419.34,0.223
2017-05-01,36 months,7,27456,335948275.0,1938472.21,0.577
2017-05-01,36 months,8,27456,335948275.0,3239023.93,0.964
2017-05-01,36 months,9,27456,335948275.0,4785548.8,1.424
2017-05-01,36 months,10,27456,335948275.0,6594236.11,1.963
2017-05-01,36 months,11,27456,335948275.0,8417726.02,2.506
2017-05-01,36 months,12,27456,335948275.0,10185043.87,3.032
2017-05-01,36 months,13,27456,335948275.0,11618312.74,3.458
2017-05-01,36 months,14,27456,335948275.0,12742201.44,3.793
2017-05-01,36 months,15,27456,335948275.0,14757883.84,4.393
2017-05-01,36 months,16,27456,335948275.0,16171363.46,4.814
2017-05-01,36 months,17,27456,335948275.0,17688000.41,5.265
2017-05-01,36 months,18,27456,335948275.0,19482027.1,5.799
2017-05-01,36 months,19,27456,335948275.0,20966238.98,6.241
2017-05-01,36 months,20,27456,335948275.0,22609650.39,6.73
2017-05-01,36 months,21,27456,335948275.0,23868257.96,7.105
2017-05-01,36 months,22,27456,335948275.0,26034315.29,7.75
2017-05-01,60 months,0,10225,213570500.0,0.0,0.0
2017-05-01,60 months,1,10225,213570500.0,0.0,0.0
2017-05-01,60 months,2,10225,213570500.0,0.0,0.0
2017-05-01,60 months,3,10225,213570500.0,0.0,0.0
2017-05-01,60 months,4,10225,213570500.0,0.0,0.0
2017-05-01,60 months,5,10225,213570500.0,166375.0,0.078
2017-05-01,60 months,6,10225,213570500.0,800660.53,0.375
2017-05-01,60 months,7,10225,213570500.0,1539886.74,0.721
2017-05-01,60 months,8,10225,213570500.0,2558879.04,1.198
2017-05-01,60 months,9,10225,213570500.0,3708141.62,1.736
2017-05-01,60 months,10,10225,213570500.0,4914606.73,2.301
2017-05-01,60 months,11,10225,213570500.0,6308929.73,2.954
2017-05-01,60 months,12,10225,213570500.0,7406061.14,3.468
2017-05-01,60 months,13,10225,213570500.0,9089568.97,4.256
2017-05-01,60 months,14,10225,213570500.0,10414805.86,4.877
2017-05-01,60 months,15,10225,213570500.0,11561040.4,5.413
2017-05-01,60 months,16,10225,213570500.0,13020295.34,6.096
2017-05-01,60 months,17,10225,213570500.0,14493965.46,6.787
2017-05-01,60 months,18,10225,213570500.0,15982417.21,7.483
2017-05-01,60 months,19,10225,213570500.0,17470820.88,8.18
2017-05-01,60 months,20,10225,213570500.0,18975616.45,8.885
2017-05-01,60 months,21,10225,213570500.0,20148034.18,9.434
2017-05-01,60 months,22,10225,213570500.0,22452536.73,10.513
2017-06-01,36 months,0,27785,335757125.0,0.0,0.0
2017-06-01,36 months,1,27785,335757125.0,0.0,0.0
2017-06-01,36 months,2,27785,335757125.0,0.0,0.0
2017-06-01,36 months,3,27785,335757125.0,0.0,0.0
2017-06-01,36 months,4,27785,335757125.0,0.0,0.0
2017-06-01,36 months,5,27785,335757125.0,580052.0,0.173
2017-06-01,36 months,6,27785,335757125.0,1167115.18,0.348
2017-06-01,36 months,7,27785,335757125.0,2258155.38,0.673
2017-06-01,36 months,8,27785,335757125.0,3556262.12,1.059
2017-06-01,36 months,9,27785,335757125.0,5310347.92,1.582
2017-06-01,36 months,10,27785,335757125.0,6751342.1,2.011
2017-06-01,36 months,11,27785,335757125.0,7950229.95,2.368
2017-06-01,36 months,12,27785,335757125.0,9621090.27,2.865
2017-06-01,36 months,13,27785,335757125.0,10818353.81,3.222
2017-06-01,36 months,14,27785,335757125.0,12519280.44,3.729
2017-06-01,36 months,15,27785,335757125.0,13824892.59,4.118
2017-06-01,36 months,16,27785,335757125.0,15677625.33,4.669
2017-06-01,36 months,17,27785,335757125.0,17253559.88,5.139
2017-06-01,36 months,18,27785,335757125.0,18815288.52,5.604
2017-06-01,36 months,19,27785,335757125.0,20414812.71,6.08
2017-06-01,36 months,20,27785,335757125.0,21479834.84,6.397
2017-06-01,36 months,21,27785,335757125.0,23695811.4,7.057
2017-06-01,60 months,0,10302,215225450.0,0.0,0.0
2017-06-01,60 months,1,10302,215225450.0,0.0,0.0
2017-06-01,60 months,2,10302,215225450.0,0.0,0.0
2017-06-01,60 months,3,10302,215225450.0,0.0,0.0
2017-06-01,60 months,4,10302,215225450.0,0.0,0.0
2017-06-01,60 months,5,10302,215225450.0,232500.0,0.108
2017-06-01,60 months,6,10302,215225450.0,407867.57,0.19
2017-06-01,60 months,7,10302,215225450.0,1162227.02,0.54
2017-06-01,60 months,8,10302,215225450.0,2251911.48,1.046
2017-06-01,60 months,9,10302,215225450.0,3609799.38,1.677
2017-06-01,60 months,10,10302,215225450.0,4987243.4,2.317
2017-06-01,60 months,11,10302,215225450.0,6244460.85,2.901
2017-06-01,60 months,12,10302,215225450.0,7557995.46,3.512
2017-06-01,60 months,13,10302,215225450.0,9048156.94,4.204
2017-06-01,60 months,14,10302,215225450.0,10502951.17,4.88
2017-06-01,60 months,15,10302,215225450.0,11929113.98,5.543
2017-06-01,60 months,16,10302,215225450.0,13402829.75,6.227
2017-06-01,60 months,17,10302,215225450.0,15131074.4,7.03
2017-06-01,60 months,18,10302,215225450.0,16552275.91,7.691
2017-06-01,60 months,19,10302,215225450.0,18157462.11,8.436
2017-06-01,60 months,20,10302,215225450.0,19417019.2,9.022
2017-06-01,60 months,21,10302,215225450.0,22329864.15,10.375
2017-07-01,36 months,0,28738,345056100.0,0.0,0.0
2017-07-01,36 months,1,28738,345056100.0,0.0,0.0
2017-07-01,36 months,2,28738,345056100.0,0.0,0.0
2017-07-01,36 months,3,28738,345056100.0,0.0,0.0
2017-07-01,36 months,4,28738,345056100.0,0.0,0.0
2017-07-01,36 months,5,28738,345056100.0,608275.0,0.176
2017-07-01,36 months,6,28738,345056100.0,1346474.16,0.39
2017-07-01,36 months,7,28738,345056100.0,2162423.37,0.627
2017-07-01,36 months,8,28738,345056100.0,3290260.1,0.954
2017-07-01,36 months,9,28738,345056100.0,4576835.51,1.326
2017-07-01,36 months,10,28738,345056100.0,6207204.09,1.799
2017-07-01,36 months,11,28738,345056100.0,7860985.7,2.278
2017-07-01,36 months,12,28738,345056100.0,9095425.56,2.636
2017-07-01,36 months,13,28738,345056100.0,11085487.91,3.213
2017-07-01,36 months,14,28738,345056100.0,12919008.77,3.744
2017-07-01,36 months,15,28738,345056100.0,14459484.92,4.19
2017-07-01,36 months,16,28738,345056100.0,16085154.2,4.662
2017-07-01,36 months,17,28738,345056100.0,17818523.65,5.164
2017-07-01,36 months,18,28738,345056100.0,19364964.43,5.612
2017-07-01,36 months,19,28738,345056100.0,20667874.85,5.99
2017-07-01,36 months,20,28738,345056100.0,23078084.23,6.688
2017-07-01,60 months,0,10677,224337825.0,0.0,0.0
2017-07-01,60 months,1,10677,224337825.0,0.0,0.0
2017-07-01,60 months,2,10677,224337825.0,0.0,0.0
2017-07-01,60 months,3,10677,224337825.0,0.0,0.0
2017-07-01,60 months,4,10677,224337825.0,0.0,0.0
2017-07-01,60 months,5,10677,224337825.0,218875.0,0.098
2017-07-01,60 months,6,10677,224337825.0,767664.18,0.342
2017-07-01,60 months,7,10677,224337825.0,1562385.23,0.696
2017-07-01,60 months,8,10677,224337825.0,2768169.07,1.234
2017-07-01,60 months,9,10677,224337825.0,4283080.15,1.909
2017-07-01,60 months,10,10677,224337825.0,5729892.21,2.554
2017-07-01,60 months,11,10677,224337825.0,7632944.39,3.402
2017-07-01,60 months,12,10677,224337825.0,8798585.19,3.922
2017-07-01,60 months,13,10677,224337825.0,10498396.65,4.68
2017-07-01,60 months,14,10677,224337825.0,12009100.47,5.353
2017-07-01,60 months,15,10677,224337825.0,13813111.72,6.157
2017-07-01,60 months,16,10677,224337825.0,15604023.84,6.956
2017-07-01,60 months,17,10677,224337825.0,17425088.02,7.767
2017-07-01,60 months,18,10677,224337825.0,19043328.01,8.489
2017-07-01,60 months,19,10677,224337825.0,20564003.02,9.167
2017-07-01,60 months,20,10677,224337825.0,23612879.17,10.526
2017-08-01,36 months,0,32595,388884525.0,0.0,0.0
2017-08-01,36 months,1,32595,388884525.0,0.0,0.0
2017-08-01,36 months,2,32595,388884525.0,0.0,0.0
2017-08-01,36 months,3,32595,388884525.0,0.0,0.0
2017-08-01,36 months,4,32595,388884525.0,0.0,0.0
2017-08-01,36 months,5,32595,388884525.0,661125.0,0.17
2017-08-01,36 months,6,32595,388884525.0,1227753.69,0.316
2017-08-01,36 months,7,32595,388884525.0,2274068.64,0.585
2017-08-01,36 months,8,32595,388884525.0,3600248.66,0.926
2017-08-01,36 months,9,32595,388884525.0,4959804.24,1.275
2017-08-01,36 months,10,32595,388884525.0,6894061.92,1.773
2017-08-01,36 months,11,32595,388884525.0,8640411.12,2.222
2017-08-01,36 months,12,32595,388884525.0,10807290.03,2.779
2017-08-01,36 months,13,32595,388884525.0,12445789.98,3.2
2017-08-01,36 months,14,32595,388884525.0,14282172.08,3.673
2017-08-01,36 months,15,32595,388884525.0,15845251.15,4.075
2017-08-01,36 months,16,32595,388884525.0,17882992.74,4.599
2017-08-01,36 months,17,32595,388884525.0,19852582.81,5.105
2017-08-01,36 months,18,32595,388884525.0,21339440.05,5.487
2017-08-01,36 months,19,32595,388884525.0,24152712.75,6.211
2017-08-01,60 months,0,10978,231524725.0,0.0,0.0
2017-08-01,60 months,1,10978,231524725.0,0.0,0.0
2017-08-01,60 months,2,10978,231524725.0,0.0,0.0
2017-08-01,60 months,3,10978,231524725.0,0.0,0.0
2017-08-01,60 months,4,10978,231524725.0,0.0,0.0
2017-08-01,60 months,5,10978,231524725.0,472250.0,0.204
2017-08-01,60 months,6,10978,231524725.0,849228.05,0.367
2017-08-01,60 months,7,10978,231524725.0,1553944.45,0.671
2017-08-01,60 months,8,10978,231524725.0,2430967.29,1.05
2017-08-01,60 months,9,10978,231524725.0,3575745.28,1.544
2017-08-01,60 months,10,10978,231524725.0,5131909.57,2.217
2017-08-01,60 months,11,10978,231524725.0,6360976.45,2.747
2017-08-01,60 months,12,10978,231524725.0,7673847.67,3.314
2017-08-01,60 months,13,10978,231524725.0,9170249.67,3.961
2017-08-01,60 months,14,10978,231524725.0,11133561.11,4.809
2017-08-01,60 months,15,10978,231524725.0,12874314.17,5.561
2017-08-01,60 months,16,10978,231524725.0,14707968.1,6.353
2017-08-01,60 months,17,10978,231524725.0,16721566.9,7.222
2017-08-01,60 months,18,10978,231524725.0,18528858.29,8.003
2017-08-01,60 months,19,10978,231524725.0,20918969.41,9.035
2017-09-01,36 months,0,26894,332583750.0,0.0,0.0
2017-09-01,36 months,1,26894,332583750.0,0.0,0.0
2017-09-01,36 months,2,26894,332583750.0,0.0,0.0
2017-09-01,36 months,3,26894,332583750.0,0.0,0.0
2017-09-01,36 months,4,26894,332583750.0,0.0,0.0
2017-09-01,36 months,5,26894,332583750.0,505575.0,0.152
2017-09-01,36 months,6,26894,332583750.0,1122366.9,0.337
2017-09-01,36 months,7,26894,332583750.0,2162759.61,0.65
2017-09-01,36 months,8,26894,332583750.0,3079219.82,0.926
2017-09-01,36 months,9,26894,332583750.0,4513412.43,1.357
2017-09-01,36 months,10,26894,332583750.0,5593119.45,1.682
2017-09-01,36 months,11,26894,332583750.0,7250823.83,2.18
2017-09-01,36 months,12,26894,332583750.0,8872625.76,2.668
2017-09-01,36 months,13,26894,332583750.0,10528872.43,3.166
2017-09-01,36 months,14,26894,332583750.0,12583866.7,3.784
2017-09-01,36 months,15,26894,332583750.0,14186069.29,4.265
2017-09-01,36 months,16,26894,332583750.0,16330070.06,4.91
2017-09-01,36 months,17,26894,332583750.0,17982519.59,5.407
2017-09-01,36 months,18,26894,332583750.0,20868367.52,6.275
2017-09-01,60 months,0,12819,268814475.0,0.0,0.0
2017-09-01,60 months,1,12819,268814475.0,0.0,0.0
2017-09-01,60 months,2,12819,268814475.0,0.0,0.0
2017-09-01,60 months,3,12819,268814475.0,0.0,0.0
2017-09-01,60 months,4,12819,268814475.0,0.0,0.0
2017-09-01,60 months,5,12819,268814475.0,579000.0,0.215
2017-09-01,60 months,6,12819,268814475.0,1266003.57,0.471
2017-09-01,60 months,7,12819,268814475.0,2487747.51,0.925
2017-09-01,60 months,8,12819,268814475.0,3886949.12,1.446
2017-09-01,60 months,9,12819,268814475.0,5639358.51,2.098
2017-09-01,60 months,10,12819,268814475.0,7300391.09,2.716
2017-09-01,60 months,11,12819,268814475.0,9563415.46,3.558
2017-09-01,60 months,12,12819,268814475.0,11533802.28,4.291
2017-09-01,60 months,13,12819,268814475.0,13741264.24,5.112
2017-09-01,60 months,14,12819,268814475.0,15949257.85,5.933
2017-09-01,60 months,15,12819,268814475.0,17855308.68,6.642
2017-09-01,60 months,16,12819,268814475.0,20638498.26,7.678
2017-09-01,60 months,17,12819,268814475.0,22755884.09,8.465
2017-09-01,60 months,18,12819,268814475.0,26312832.2,9.788
2017-10-01,36 months,0,26889,340341175.0,0.0,0.0
2017-10-01,36 months,1,26889,340341175.0,0.0,0.0
2017-10-01,36 months,2,26889,340341175.0,0.0,0.0
2017-10-01,36 months,3,26889,340341175.0,0.0,0.0
2017-10-01,36 months,4,26889,340341175.0,0.0,0.0
2017-10-01,36 months,5,26889,340341175.0,567475.0,0.167
2017-10-01,36 months,6,26889,340341175.0,1088807.93,0.32
2017-10-01,36 months,7,26889,340341175.0,2084875.87,0.613
2017-10-01,36 months,8,26889,340341175.0,3371124.06,0.991
2017-10-01,36 months,9,26889,340341175.0,4423911.89,1.3
2017-10-01,36 months,10,26889,340341175.0,6315177.84,1.856
2017-10-01,36 months,11,26889,340341175.0,7520092.69,2.21
2017-10-01,36 months,12,26889,340341175.0,9324207.67,2.74
2017-10-01,36 months,13,26889,340341175.0,10797470.73,3.173
2017-10-01,36 months,14,26889,340341175.0,12478973.31,3.667
2017-10-01,36 months,15,26889,340341175.0,14279940.95,4.196
2017-10-01,36 months,16,26889,340341175.0,15510397.71,4.557
2017-10-01,36 months,17,26889,340341175.0,18474900.19,5.428
2017-10-01,60 months,0,11262,237480850.0,0.0,0.0
2017-10-01,60 months,1,11262,237480850.0,0.0,0.0
2017-10-01,60 months,2,11262,237480850.0,0.0,0.0
2017-10-01,60 months,3,11262,237480850.0,0.0,0.0
2017-10-01,60 months,4,11262,237480850.0,0.0,0.0
2017-10-01,60 months,5,11262,237480850.0,393000.0,0.165
2017-10-01,60 months,6,11262,237480850.0,801511.61,0.338
2017-10-01,60 months,7,11262,237480850.0,1747831.24,0.736
2017-10-01,60 months,8,11262,237480850.0,2877793.24,1.212
2017-10-01,60 months,9,11262,237480850.0,4023555.01,1.694
2017-10-01,60 months,10,11262,237480850.0,5636511.76,2.373
2017-10-01,60 months,11,11262,237480850.0,6843991.68,2.882
2017-10-01,60 months,12,11262,237480850.0,8414193.31,3.543
2017-10-01,60 months,13,11262,237480850.0,10320549.95,4.346
2017-10-01,60 months,14,11262,237480850.0,12112010.33,5.1
2017-10-01,60 months,15,11262,237480850.0,14303898.19,6.023
2017-10-01,60 months,16,11262,237480850.0,16068386.36,6.766
2017-10-01,60 months,17,11262,237480850.0,19496489.77,8.21
2017-11-01,36 months,0,29656,376802825.0,0.0,0.0
2017-11-01,36 months,1,29656,376802825.0,0.0,0.0
2017-11-01,36 months,2,29656,376802825.0,0.0,0.0
2017-11-01,36 months,3,29656,376802825.0,0.0,0.0
2017-11-01,36 months,4,29656,376802825.0,0.0,0.0
2017-11-01,36 months,5,29656,376802825.0,602625.0,0.16
2017-11-01,36 months,6,29656,376802825.0,1319063.06,0.35
2017-11-01,36 months,7,29656,376802825.0,2603693.34,0.691
2017-11-01,36 months,8,29656,376802825.0,3706264.48,0.984
2017-11-01,36 months,9,29656,376802825.0,5216796.18,1.384
2017-11-01,36 months,10,29656,376802825.0,6573651.3,1.745
2017-11-01,36 months,11,29656,376802825.0,8282108.21,2.198
2017-11-01,36 months,12,29656,376802825.0,9649574.0,2.561
2017-11-01,36 months,13,29656,376802825.0,11547755.7,3.065
2017-11-01,36 months,14,29656,376802825.0,13578927.75,3.604
2017-11-01,36 months,15,29656,376802825.0,15105271.98,4.009
2017-11-01,36 months,16,29656,376802825.0,18086876.16,4.8
2017-11-01,60 months,0,12687,268739775.0,0.0,0.0
2017-11-01,60 months,1,12687,268739775.0,0.0,0.0
2017-11-01,60 months,2,12687,268739775.0,0.0,0.0
2017-11-01,60 months,3,12687,268739775.0,0.0,0.0
2017-11-01,60 months,4,12687,268739775.0,0.0,0.0
2017-11-01,60 months,5,12687,268739775.0,301775.0,0.112
2017-11-01,60 months,6,12687,268739775.0,670419.67,0.249
2017-11-01,60 months,7,12687,268739775.0,1672207.6,0.622
2017-11-01,60 months,8,12687,268739775.0,2644405.81,0.984
2017-11-01,60 months,9,12687,268739775.0,4551311.96,1.694
2017-11-01,60 months,10,12687,268739775.0,6393197.36,2.379
2017-11-01,60 months,11,12687,268739775.0,7957561.35,2.961
2017-11-01,60 months,12,12687,268739775.0,9851451.15,3.666
2017-11-01,60 months,13,12687,268739775.0,11947488.41,4.446
2017-11-01,60 months,14,12687,268739775.0,14118872.0,5.254
2017-11-01,60 months,15,12687,268739775.0,15592001.64,5.802
2017-11-01,60 months,16,12687,268739775.0,18695014.5,6.957
2017-12-01,36 months,0,26132,335044300.0,0.0,0.0
2017-12-01,36 months,1,26132,335044300.0,0.0,0.0
2017-12-01,36 months,2,26132,335044300.0,0.0,0.0
2017-12-01,36 months,3,26132,335044300.0,0.0,0.0
2017-12-01,36 months,4,26132,335044300.0,0.0,0.0
2017-12-01,36 months,5,26132,335044300.0,415450.0,0.124
2017-12-01,36 months,6,26132,335044300.0,1190500.08,0.355
2017-12-01,36 months,7,26132,335044300.0,1907866.24,0.569
2017-12-01,36 months,8,26132,335044300.0,3118001.61,0.931
2017-12-01,36 months,9,26132,335044300.0,4317342.3,1.289
2017-12-01,36 months,10,26132,335044300.0,5758991.25,1.719
2017-12-01,36 months,11,26132,335044300.0,7420637.99,2.215
2017-12-01,36 months,12,26132,335044300.0,8718391.45,2.602
2017-12-01,36 months,13,26132,335044300.0,10389353.67,3.101
2017-12-01,36 months,14,26132,335044300.0,11787641.06,3.518
2017-12-01,36 months,15,26132,335044300.0,14694381.32,4.386
2017-12-01,60 months,0,12022,258945200.0,0.0,0.0
2017-12-01,60 months,1,12022,258945200.0,0.0,0.0
2017-12-01,60 months,2,12022,258945200.0,0.0,0.0
2017-12-01,60 months,3,12022,258945200.0,0.0,0.0
2017-12-01,60 months,4,12022,258945200.0,0.0,0.0
2017-12-01,60 months,5,12022,258945200.0,585000.0,0.226
2017-12-01,60 months,6,12022,258945200.0,1559554.34,0.602
2017-12-01,60 months,7,12022,258945200.0,2524852.22,0.975
2017-12-01,60 months,8,12022,258945200.0,4027620.51,1.555
2017-12-01,60 months,9,12022,258945200.0,5407926.55,2.088
2017-12-01,60 months,10,12022,258945200.0,7345674.23,2.837
2017-12-01,60 months,11,12022,258945200.0,9074607.01,3.504
2017-12-01,60 months,12,12022,258945200.0,11127811.3,4.297
2017-12-01,60 months,13,12022,258945200.0,13209110.61,5.101
2017-12-01,60 months,14,12022,258945200.0,15406288.37,5.95
2017-12-01,60 months,15,12022,258945200.0,18636060.58,7.197
2018-01-01,36 months,0,25413,344218575.0,0.0,0.0
2018-01-01,36 months,1,25413,344218575.0,0.0,0.0
2018-01-01,36 months,2,25413,344218575.0,0.0,0.0
2018-01-01,36 months,3,25413,344218575.0,0.0,0.0
2018-01-01,36 months,4,25413,344218575.0,0.0,0.0
2018-01-01,36 months,5,25413,344218575.0,469275.0,0.136
2018-01-01,36 months,6,25413,344218575.0,996315.94,0.289
2018-01-01,36 months,7,25413,344218575.0,1750147.65,0.508
2018-01-01,36 months,8,25413,344218575.0,2736331.06,0.795
2018-01-01,36 months,9,25413,344218575.0,3788843.81,1.101
2018-01-01,36 months,10,25413,344218575.0,5104784.84,1.483
2018-01-01,36 months,11,25413,344218575.0,6583983.1,1.913
2018-01-01,36 months,12,25413,344218575.0,7963098.82,2.313
2018-01-01,36 months,13,25413,344218575.0,9224470.72,2.68
2018-01-01,36 months,14,25413,344218575.0,11643295.76,3.383
2018-01-01,60 months,0,10934,240056550.0,0.0,0.0
2018-01-01,60 months,1,10934,240056550.0,0.0,0.0
2018-01-01,60 months,2,10934,240056550.0,0.0,0.0
2018-01-01,60 months,3,10934,240056550.0,0.0,0.0
2018-01-01,60 months,4,10934,240056550.0,0.0,0.0
2018-01-01,60 months,5,10934,240056550.0,404825.0,0.169
2018-01-01,60 months,6,10934,240056550.0,765988.36,0.319
2018-01-01,60 months,7,10934,240056550.0,1598813.87,0.666
2018-01-01,60 months,8,10934,240056550.0,2795074.68,1.164
2018-01-01,60 months,9,10934,240056550.0,4449523.18,1.854
2018-01-01,60 months,10,10934,240056550.0,6045852.28,2.519
2018-01-01,60 months,11,10934,240056550.0,8085788.88,3.368
2018-01-01,60 months,12,10934,240056550.0,10287902.46,4.286
2018-01-01,60 months,13,10934,240056550.0,11552262.09,4.812
2018-01-01,60 months,14,10934,240056550.0,14353692.05,5.979
2018-02-01,36 months,0,22846,316162875.0,0.0,0.0
2018-02-01,36 months,1,22846,316162875.0,0.0,0.0
2018-02-01,36 months,2,22846,316162875.0,0.0,0.0
2018-02-01,36 months,3,22846,316162875.0,0.0,0.0
2018-02-01,36 months,4,22846,316162875.0,0.0,0.0
2018-02-01,36 months,5,22846,316162875.0,357550.0,0.113
2018-02-01,36 months,6,22846,316162875.0,840540.56,0.266
2018-02-01,36 months,7,22846,316162875.0,1462968.66,0.463
2018-02-01,36 months,8,22846,316162875.0,2306234.34,0.729
2018-02-01,36 months,9,22846,316162875.0,3531609.87,1.117
2018-02-01,36 months,10,22846,316162875.0,4883104.49,1.544
2018-02-01,36 months,11,22846,316162875.0,6627023.63,2.096
2018-02-01,36 months,12,22846,316162875.0,7644345.63,2.418
2018-02-01,36 months,13,22846,316162875.0,10161283.4,3.214
2018-02-01,60 months,0,9900,216930225.0,0.0,0.0
2018-02-01,60 months,1,9900,216930225.0,0.0,0.0
2018-02-01,60 months,2,9900,216930225.0,0.0,0.0
2018-02-01,60 months,3,9900,216930225.0,0.0,0.0
2018-02-01,60 months,4,9900,216930225.0,0.0,0.0
2018-02-01,60 months,5,9900,216930225.0,571900.0,0.264
2018-02-01,60 months,6,9900,216930225.0,928895.28,0.428
2018-02-01,60 months,7,9900,216930225.0,1613570.0,0.744
2018-02-01,60 months,8,9900,216930225.0,2768805.74,1.276
2018-02-01,60 months,9,9900,216930225.0,3736288.46,1.722
2018-02-01,60 months,10,9900,216930225.0,5200666.03,2.397
2018-02-01,60 months,11,9900,216930225.0,7308541.66,3.369
2018-02-01,60 months,12,9900,216930225.0,8825628.82,4.068
2018-02-01,60 months,13,9900,216930225.0,10981261.75,5.062
2018-03-01,36 months,0,27153,368095400.0,0.0,0.0
2018-03-01,36 months,1,27153,368095400.0,0.0,0.0
2018-03-01,36 months,2,27153,368095400.0,0.0,0.0
2018-03-01,36 months,3,27153,368095400.0,0.0,0.0
2018-03-01,36 months,4,27153,368095400.0,0.0,0.0
2018-03-01,36 months,5,27153,368095400.0,521100.0,0.142
2018-03-01,36 months,6,27153,368095400.0,1212870.05,0.329
2018-03-01,36 months,7,27153,368095400.0,2216443.38,0.602
2018-03-01,36 months,8,27153,368095400.0,3349300.61,0.91
2018-03-01,36 months,9,27153,368095400.0,4626278.66,1.257
2018-03-01,36 months,10,27153,368095400.0,6306635.74,1.713
2018-03-01,36 months,11,27153,368095400.0,8069515.58,2.192
2018-03-01,36 months,12,27153,368095400.0,10966404.48,2.979
2018-03-01,60 months,0,11618,256318075.0,0.0,0.0
2018-03-01,60 months,1,11618,256318075.0,0.0,0.0
2018-03-01,60 months,2,11618,256318075.0,0.0,0.0
2018-03-01,60 months,3,11618,256318075.0,0.0,0.0
2018-03-01,60 months,4,11618,256318075.0,0.0,0.0
2018-03-01,60 months,5,11618,256318075.0,529500.0,0.207
2018-03-01,60 months,6,11618,256318075.0,855853.71,0.334
2018-03-01,60 months,7,11618,256318075.0,2300218.9,0.897
2018-03-01,60 months,8,11618,256318075.0,3389717.14,1.322
2018-03-01,60 months,9,11618,256318075.0,4557059.17,1.778
2018-03-01,60 months,10,11618,256318075.0,6504450.59,2.538
2018-03-01,60 months,11,11618,256318075.0,7845334.79,3.061
2018-03-01,60 months,12,11618,256318075.0,10948373.95,4.271
2018-04-01,36 months,0,29972,401267700.0,0.0,0.0
2018-04-01,36 months,1,29972,401267700.0,0.0,0.0
2018-04-01,36 months,2,29972,401267700.0,0.0,0.0
2018-04-01,36 months,3,29972,401267700.0,0.0,0.0
2018-04-01,36 months,4,29972,401267700.0,0.0,0.0
2018-04-01,36 months,5,29972,401267700.0,436575.0,0.109
2018-04-01,36 months,6,29972,401267700.0,913518.33,0.228
2018-04-01,36 months,7,29972,401267700.0,1722754.42,0.429
2018-04-01,36 months,8,29972,401267700.0,3469491.55,0.865
2018-04-01,36 months,9,29972,401267700.0,5462309.87,1.361
2018-04-01,36 months,10,29972,401267700.0,7153754.21,1.783
2018-04-01,36 months,11,29972,401267700.0,10340460.51,2.577
2018-04-01,60 months,0,12956,284072200.0,0.0,0.0
2018-04-01,60 months,1,12956,284072200.0,0.0,0.0
2018-04-01,60 months,2,12956,284072200.0,0.0,0.0
2018-04-01,60 months,3,12956,284072200.0,0.0,0.0
2018-04-01,60 months,4,12956,284072200.0,0.0,0.0
2018-04-01,60 months,5,12956,284072200.0,675950.0,0.238
2018-04-01,60 months,6,12956,284072200.0,1428554.03,0.503
2018-04-01,60 months,7,12956,284072200.0,2728404.97,0.96
2018-04-01,60 months,8,12956,284072200.0,4150427.92,1.461
2018-04-01,60 months,9,12956,284072200.0,6150532.42,2.165
2018-04-01,60 months,10,12956,284072200.0,7822367.15,2.754
2018-04-01,60 months,11,12956,284072200.0,11143115.2,3.923
2018-05-01,36 months,0,32472,433303650.0,0.0,0.0
2018-05-01,36 months,1,32472,433303650.0,0.0,0.0
2018-05-01,36 months,2,32472,433303650.0,0.0,0.0
2018-05-01,36 months,3,32472,433303650.0,0.0,0.0
2018-05-01,36 months,4,32472,433303650.0,0.0,0.0
2018-05-01,36 months,5,32472,433303650.0,581144.87,0.134
2018-05-01,36 months,6,32472,433303650.0,1354587.17,0.313
2018-05-01,36 months,7,32472,433303650.0,2578109.44,0.595
2018-05-01,36 months,8,32472,433303650.0,4239490.45,0.978
2018-05-01,36 months,9,32472,433303650.0,6341464.28,1.464
2018-05-01,36 months,10,32472,433303650.0,9370443.41,2.163
2018-05-01,60 months,0,13839,300394500.0,0.0,0.0
2018-05-01,60 months,1,13839,300394500.0,0.0,0.0
2018-05-01,60 months,2,13839,300394500.0,0.0,0.0
2018-05-01,60 months,3,13839,300394500.0,0.0,0.0
2018-05-01,60 months,4,13839,300394500.0,0.0,0.0
2018-05-01,60 months,5,13839,300394500.0,485600.0,0.162
2018-05-01,60 months,6,13839,300394500.0,1151330.08,0.383
2018-05-01,60 months,7,13839,300394500.0,2536547.22,0.844
2018-05-01,60 months,8,13839,300394500.0,4314600.21,1.436
2018-05-01,60 months,9,13839,300394500.0,6289231.91,2.094
2018-05-01,60 months,10,13839,300394500.0,9746169.15,3.244
2018-06-01,36 months,0,29062,387189200.0,0.0,0.0
2018-06-01,36 months,1,29062,387189200.0,0.0,0.0
2018-06-01,36 months,2,29062,387189200.0,0.0,0.0
2018-06-01,36 months,3,29062,387189200.0,0.0,0.0
2018-06-01,36 months,4,29062,387189200.0,0.0,0.0
2018-06-01,36 months,5,29062,387189200.0,489993.54,0.127
2018-06-01,36 months,6,29062,387189200.0,989570.78,0.256
2018-06-01,36 months,7,29062,387189200.0,2188115.85,0.565
2018-06-01,36 months,8,29062,387189200.0,3260140.91,0.842
2018-06-01,36 months,9,29062,387189200.0,5640933.09,1.457
2018-06-01,60 months,0,12471,274201950.0,0.0,0.0
2018-06-01,60 months,1,12471,274201950.0,0.0,0.0
2018-06-01,60 months,2,12471,274201950.0,0.0,0.0
2018-06-01,60 months,3,12471,274201950.0,0.0,0.0
2018-06-01,60 months,4,12471,274201950.0,0.0,0.0
2018-06-01,60 months,5,12471,274201950.0,493300.0,0.18
2018-06-01,60 months,6,12471,274201950.0,928309.05,0.339
2018-06-01,60 months,7,12471,274201950.0,2338770.45,0.853
2018-06-01,60 months,8,12471,274201950.0,3856932.1,1.407
2018-06-01,60 months,9,12471,274201950.0,7129039.01,2.6
2018-07-01,36 months,0,30478,412378750.0,0.0,0.0
2018-07-01,36 months,1,30478,412378750.0,0.0,0.0
2018-07-01,36 months,2,30478,412378750.0,0.0,0.0
2018-07-01,36 months,3,30478,412378750.0,0.0,0.0
2018-07-01,36 months,4,30478,412378750.0,0.0,0.0
2018-07-01,36 months,5,30478,412378750.0,472850.0,0.115
2018-07-01,36 months,6,30478,412378750.0,1139216.17,0.276
2018-07-01,36 months,7,30478,412378750.0,2291998.46,0.556
2018-07-01,36 months,8,30478,412378750.0,4895548.97,1.187
2018-07-01,60 months,0,12611,275633350.0,0.0,0.0
2018-07-01,60 months,1,12611,275633350.0,0.0,0.0
2018-07-01,60 months,2,12611,275633350.0,0.0,0.0
2018-07-01,60 months,3,12611,275633350.0,0.0,0.0
2018-07-01,60 months,4,12611,275633350.0,0.0,0.0
2018-07-01,60 months,5,12611,275633350.0,448196.49,0.163
2018-07-01,60 months,6,12611,275633350.0,848970.63,0.308
2018-07-01,60 months,7,12611,275633350.0,1836035.67,0.666
2018-07-01,60 months,8,12611,275633350.0,3690273.19,1.339
2018-08-01,36 months,0,32329,438515925.0,0.0,0.0
2018-08-01,36 months,1,32329,438515925.0,0.0,0.0
2018-08-01,36 months,2,32329,438515925.0,0.0,0.0
2018-08-01,36 months,3,32329,438515925.0,0.0,0.0
2018-08-01,36 months,4,32329,438515925.0,0.0,0.0
2018-08-01,36 months,5,32329,438515925.0,507350.0,0.116
2018-08-01,36 months,6,32329,438515925.0,975999.89,0.223
2018-08-01,36 months,7,32329,438515925.0,2378260.61,0.542
2018-08-01,60 months,0,13750,301220175.0,0.0,0.0
2018-08-01,60 months,1,13750,301220175.0,0.0,0.0
2018-08-01,60 months,2,13750,301220175.0,0.0,0.0
2018-08-01,60 months,3,13750,301220175.0,0.0,0.0
2018-08-01,60 months,4,13750,301220175.0,0.0,0.0
2018-08-01,60 months,5,13750,301220175.0,302600.0,0.1
2018-08-01,60 months,6,13750,301220175.0,668043.05,0.222
2018-08-01,60 months,7,13750,301220175.0,2253256.01,0.748
2018-09-01,36 months,0,26767,367205075.0,0.0,0.0
2018-09-01,36 months,1,26767,367205075.0,0.0,0.0
2018-09-01,36 months,2,26767,367205075.0,0.0,0.0
2018-09-01,36 months,3,26767,367205075.0,0.0,0.0
2018-09-01,36 months,4,26767,367205075.0,0.0,0.0
2018-09-01,36 months,5,26767,367205075.0,452400.0,0.123
2018-09-01,36 months,6,26767,367205075.0,1361510.32,0.371
2018-09-01,60 months,0,12259,268189700.0,0.0,0.0
2018-09-01,60 months,1,12259,268189700.0,0.0,0.0
2018-09-01,60 months,2,12259,268189700.0,0.0,0.0
2018-09-01,60 months,3,12259,268189700.0,0.0,0.0
2018-09-01,60 months,4,12259,268189700.0,0.0,0.0
2018-09-01,60 months,5,12259,268189700.0,343375.0,0.128
2018-09-01,60 months,6,12259,268189700.0,1306735.33,0.487
2018-10-01,36 months,0,31811,429113325.0,0.0,0.0
2018-10-01,36 months,1,31811,429113325.0,0.0,0.0
2018-10-01,36 months,2,31811,429113325.0,0.0,0.0
2018-10-01,36 months,3,31811,429113325.0,0.0,0.0
2018-10-01,36 months,4,31811,429113325.0,0.0,0.0
2018-10-01,36 months,5,31811,429113325.0,862835.98,0.201
2018-10-01,60 months,0,14494,317018150.0,0.0,0.0
2018-10-01,60 months,1,14494,317018150.0,0.0,0.0
2018-10-01,60 months,2,14494,317018150.0,0.0,0.0
2018-10-01,60 months,3,14494,317018150.0,0.0,0.0
2018-10-01,60 months,4,14494,317018150.0,0.0,0.0
2018-10-01,60 months,5,14494,317018150.0,380223.66,0.12
2018-11-01,36 months,0,28827,380749950.0,0.0,0.0
2018-11-01,36 months,1,28827,380749950.0,0.0,0.0
2018-11-01,36 months,2,28827,380749950.0,0.0,0.0
2018-11-01,36 months,3,28827,380749950.0,0.0,0.0
2018-11-01,36 months,4,28827,380749950.0,310153.06,0.081
2018-11-01,60 months,0,13146,286184775.0,0.0,0.0
2018-11-01,60 months,1,13146,286184775.0,0.0,0.0
2018-11-01,60 months,2,13146,286184775.0,0.0,0.0
2018-11-01,60 months,3,13146,286184775.0,0.0,0.0
2018-11-01,60 months,4,13146,286184775.0,53007.93,0.019
2018-12-01,36 months,0,27541,361116850.0,0.0,0.0
2018-12-01,36 months,1,27541,361116850.0,0.0,0.0
2018-12-01,36 months,2,27541,361116850.0,0.0,0.0
2018-12-01,36 months,3,27541,361116850.0,158757.83,0.044
2018-12-01,60 months,0,12593,276726225.0,0.0,0.0
2018-12-01,60 months,1,12593,276726225.0,0.0,0.0
2018-12-01,60 months,2,12593,276726225.0,0.0,0.0
2018-12-01,60 months,3,12593,276726225.0,48060.65,0.017
